run,policy,obs_timestep,current_p,ablation,p_first_mean,p_first_std,p_end_mean,p_end_std,p_max_mean,first_dist_current_mean,chunk_step_mean,n,end_minus_current_p,first_minus_current_p
recorded_obs-0629-01,new_latest,0,0.0,current_image_current_state,0.010103841071000663,0.0013177767899784946,-0.10702694387982996,0.006162355585363996,0.010180288114064743,8.672808022457621,1.3374545574188232,20,-0.10702694387982996,0.010103841071000663
recorded_obs-0629-01,new_latest,0,0.0,current_image_start_state,0.010103841071000663,0.0013177767899784946,-0.10702694387982996,0.006162355585363996,0.010180288114064743,8.672808022457621,1.3374545574188232,20,-0.10702694387982996,0.010103841071000663
recorded_obs-0629-01,new_latest,0,0.0,start_image_current_state,0.010103841071000663,0.0013177767899784946,-0.10702694387982996,0.006162355585363996,0.010180288114064743,8.672808022457621,1.3374545574188232,20,-0.10702694387982996,0.010103841071000663
recorded_obs-0629-01,new_latest,0,0.0,start_image_start_state,0.010103841071000663,0.0013177767899784946,-0.10702694387982996,0.006162355585363996,0.010180288114064743,8.672808022457621,1.3374545574188232,20,-0.10702694387982996,0.010103841071000663
recorded_obs-0629-01,new_latest,49,0.09560780949049413,current_image_current_state,0.07316005267871523,0.0012357010088088608,-0.07752483066681383,0.006291261861603721,0.073233574891321,6.397284512807336,1.2635929107666015,20,-0.17313264015730795,-0.022447756811778907
recorded_obs-0629-01,new_latest,49,0.09560780949049413,current_image_start_state,-0.00041934968258785143,0.0012708821860064998,-0.12048838622000886,0.00597687650821931,-0.00040249317476151166,19.096837206344738,1.3458589375019074,20,-0.21609619571050298,-0.09602715917308198
recorded_obs-0629-01,new_latest,49,0.09560780949049413,start_image_current_state,0.0817036292342157,0.0013091422492108478,-0.06348852256212553,0.006687560619715046,0.08180345408760337,6.680767216970837,1.2271836638450622,20,-0.15909633205261967,-0.013904180256278431
recorded_obs-0629-01,new_latest,49,0.09560780949049413,start_image_start_state,0.010103841071000663,0.0013177767899784946,-0.10702694387982996,0.006162355585363996,0.010180288114064743,17.43075754486451,1.3374545574188232,20,-0.2026347533703241,-0.08550396841949347
recorded_obs-0629-01,new_latest,66,0.11858095536642346,current_image_current_state,0.0961457016342938,0.0012837488983323119,-0.05480931863497525,0.006362702231990456,0.09625194757486982,6.813236876634325,1.2476595222949982,20,-0.17339027400139873,-0.022435253732129665
recorded_obs-0629-01,new_latest,66,0.11858095536642346,current_image_start_state,-0.0014020979351809302,0.0013863776346556753,-0.11548462418698528,0.0055135202315698935,-0.0013526495197894418,19.875415240517235,1.2702733635902406,20,-0.23406557955340873,-0.11998305330160439
recorded_obs-0629-01,new_latest,66,0.11858095536642346,start_image_current_state,0.10888382113420367,0.0016093368967121265,-0.04554018601713553,0.007289835462070523,0.1092959276019276,7.459287058513563,1.282041847705841,20,-0.164121141383559,-0.009697134232219795
recorded_obs-0629-01,new_latest,66,0.11858095536642346,start_image_start_state,0.010103841071000663,0.0013177767899784946,-0.10702694387982996,0.006162355585363996,0.010180288114064743,17.780988526003178,1.3374545574188232,20,-0.2256078992462534,-0.1084771142954228
recorded_obs-0629-01,new_latest,119,0.1576133953373097,current_image_current_state,0.16300410906543467,0.0023812718805469755,-0.04293597954555024,0.007805887347075847,0.16379611974195232,11.321490544824346,1.6043845534324646,20,-0.20054937488285995,0.005390713728124968
recorded_obs-0629-01,new_latest,119,0.1576133953373097,current_image_start_state,0.006575393007635241,0.0013591387255095185,-0.11477345425368254,0.00571140256491416,0.006604249578640771,22.484900406784405,1.3946949899196626,20,-0.27238684959099224,-0.15103800232967446
recorded_obs-0629-01,new_latest,119,0.1576133953373097,start_image_current_state,0.16581184414180908,0.0025151470802303798,-0.033128242572332364,0.008459372704600154,0.16676637722585128,11.899936101189029,1.5482583701610566,20,-0.19074163790964205,0.00819844880449938
recorded_obs-0629-01,new_latest,119,0.1576133953373097,start_image_start_state,0.010103841071000663,0.0013177767899784946,-0.10702694387982996,0.006162355585363996,0.010180288114064743,22.164611267471166,1.3374545574188232,20,-0.26464033921713964,-0.14750955426630905
recorded_obs-0629-01,new_latest,134,0.4443086715533535,current_image_current_state,0.36473359458847004,0.00408927742197324,0.04029554838665238,0.010989706449443911,0.3670905769324718,13.390359212273363,1.6713768422603608,20,-0.4040131231667011,-0.07957507696488347
recorded_obs-0629-01,new_latest,134,0.4443086715533535,current_image_start_state,0.005348906792812232,0.0014093014600847157,-0.09949344322562102,0.005733352553553301,0.005469859726666507,69.82266245349453,1.2235552072525024,20,-0.5438021147789746,-0.43895976476054127
recorded_obs-0629-01,new_latest,134,0.4443086715533535,start_image_current_state,0.36258405310983843,0.004749015531381527,0.01712877059507092,0.011449623778496159,0.36401272216670605,13.859827349366387,1.7822048008441924,20,-0.4271799009582826,-0.08172461844351508
recorded_obs-0629-01,new_latest,134,0.4443086715533535,start_image_start_state,0.010103841071000663,0.0013177767899784946,-0.10702694387982996,0.006162355585363996,0.010180288114064743,69.12563834471673,1.3374545574188232,20,-0.5513356154331834,-0.43420483048235287
recorded_obs-0629-01,new_latest,136,0.4597378665824849,current_image_current_state,0.3645713989483576,0.004947103503520335,0.00798690102571748,0.010844493776917211,0.3656477158249344,15.519270664139878,1.8325337707996368,20,-0.4517509655567674,-0.09516646763412728
recorded_obs-0629-01,new_latest,136,0.4597378665824849,current_image_start_state,0.00462007471428136,0.0013407846898440255,-0.11634698767488236,0.005969170192764192,0.004686413465682947,72.40914637855286,1.3220736920833587,20,-0.5760848542573672,-0.4551177918682035
recorded_obs-0629-01,new_latest,136,0.4597378665824849,start_image_current_state,0.375778820754565,0.005125621604456536,0.02486106672952012,0.011969578912910773,0.37747635135629876,14.331159076540079,1.7961768627166748,20,-0.4348767998529648,-0.08395904582791991
recorded_obs-0629-01,new_latest,136,0.4597378665824849,start_image_start_state,0.010103841071000663,0.0013177767899784946,-0.10702694387982996,0.006162355585363996,0.010180288114064743,71.84180392138998,1.3374545574188232,20,-0.5667648104623149,-0.44963402551148424
recorded_obs-0629-01,new_latest,151,0.45630274731149434,current_image_current_state,0.33888939593400486,0.005853833086866888,-0.0374086771618637,0.010899124658415187,0.34151578920619713,18.73051677413474,1.841383123397827,20,-0.49371142447335803,-0.11741335137748948
recorded_obs-0629-01,new_latest,151,0.45630274731149434,current_image_start_state,0.0018202281770751023,0.0013441604744307838,-0.12676880313448624,0.0056900639220158564,0.0018202281770751023,86.82945985109706,1.3330640375614167,20,-0.5830715504459806,-0.4544825191344192
recorded_obs-0629-01,new_latest,151,0.45630274731149434,start_image_current_state,0.3502421836339843,0.004840009956753269,-0.001289089712867994,0.013366802178785955,0.35366241809386867,17.188594384421968,1.744823294878006,20,-0.45759183702436235,-0.10606056367751004
recorded_obs-0629-01,new_latest,151,0.45630274731149434,start_image_start_state,0.010103841071000663,0.0013177767899784946,-0.10702694387982996,0.006162355585363996,0.010180288114064743,86.09178742205684,1.3374545574188232,20,-0.5633296911913243,-0.4461989062404937
recorded_obs-0629-01,new_latest,153,0.44399400131658134,current_image_current_state,0.32978073557408955,0.005864296796697773,-0.038630497239066676,0.011344541179280241,0.332832934596436,18.334380689521975,1.8041776955127715,20,-0.48262449855564804,-0.1142132657424918
recorded_obs-0629-01,new_latest,153,0.44399400131658134,current_image_start_state,0.004916330182266898,0.0013251208132812186,-0.12329199615488724,0.005792100039349431,0.004944310978749652,85.88331813223766,1.294736272096634,20,-0.5672859974714686,-0.43907767113431445
recorded_obs-0629-01,new_latest,153,0.44399400131658134,start_image_current_state,0.3420058923203989,0.00486236396877511,-0.008061212384367295,0.013247832932916159,0.3451703806029734,16.68821241703754,1.7396481692790986,20,-0.45205521370094864,-0.10198810899618244
recorded_obs-0629-01,new_latest,153,0.44399400131658134,start_image_start_state,0.010103841071000663,0.0013177767899784946,-0.10702694387982996,0.006162355585363996,0.010180288114064743,85.42646924607627,1.3374545574188232,20,-0.5510209451964113,-0.4338901602455807
recorded_obs-0629-01,new_latest,238,0.15266815474202117,current_image_current_state,0.1552034625064091,0.0018830889714592225,-0.03860455916673271,0.007438708073779754,0.15562866832678468,10.314069651783296,1.4660358369350432,20,-0.1912727139087539,0.0025353077643879285
recorded_obs-0629-01,new_latest,238,0.15266815474202117,current_image_start_state,0.007552699803926734,0.0013086977133223187,-0.09887096584121965,0.005733368993677109,0.007601214069943683,21.86866910564437,1.255755650997162,20,-0.2515391205832408,-0.14511545493809444
recorded_obs-0629-01,new_latest,238,0.15266815474202117,start_image_current_state,0.16075623891915558,0.0020805228800032534,-0.045321459017002214,0.008064848738558995,0.16137287201392234,10.374952087786228,1.5546346008777618,20,-0.19798961375902338,0.008088084177134414
recorded_obs-0629-01,new_latest,238,0.15266815474202117,start_image_start_state,0.010103841071000663,0.0013177767899784946,-0.10702694387982996,0.006162355585363996,0.010180288114064743,21.539225937181236,1.3374545574188232,20,-0.25969509862185114,-0.14256431367102051
recorded_obs-0629-01,new_latest,253,0.4447934338100025,current_image_current_state,0.3424395799812945,0.004925710092940763,-0.016697911753770778,0.009137552384516676,0.3428640930401368,15.836046754491107,1.8531087398529054,20,-0.4614913455637733,-0.10235385382870804
recorded_obs-0629-01,new_latest,253,0.4447934338100025,current_image_start_state,-0.0003400079267113512,0.00119742109983451,-0.11574717776934518,0.005660486026750235,-0.0003400079267113512,71.14952401603874,1.302951270341873,20,-0.5605406115793476,-0.4451334417367139
recorded_obs-0629-01,new_latest,253,0.4447934338100025,start_image_current_state,0.36365482998289733,0.004724815608169884,0.023169522482468227,0.011679999342454606,0.3650214286328952,13.433058014461437,1.7546617984771729,20,-0.4216239113275343,-0.0811386038271052
recorded_obs-0629-01,new_latest,253,0.4447934338100025,start_image_start_state,0.010103841071000663,0.0013177767899784946,-0.10702694387982996,0.006162355585363996,0.010180288114064743,69.48320199272442,1.3374545574188232,20,-0.5518203776898325,-0.4346895927390019
recorded_obs-0629-01,new_latest,255,0.4764682655636741,current_image_current_state,0.37710827910715927,0.0042208994582778854,0.03084168447358489,0.010261644071810794,0.37793854273202265,15.410487121410535,1.7659644544124604,20,-0.44562658109008924,-0.09935998645651484
recorded_obs-0629-01,new_latest,255,0.4764682655636741,current_image_start_state,0.008262005840818017,0.001364118380436808,-0.10082971329327015,0.005676566780300994,0.008350647523275658,74.20804289207192,1.3052369475364685,20,-0.5772979788569442,-0.46820625972285607
recorded_obs-0629-01,new_latest,255,0.4764682655636741,start_image_current_state,0.3850413741640188,0.005222995937332225,0.045057838737814826,0.01252207069947181,0.38738772425066675,14.562670944237547,1.7453688621520995,20,-0.4314104268258593,-0.09142689139965532
recorded_obs-0629-01,new_latest,255,0.4764682655636741,start_image_start_state,0.010103841071000663,0.0013177767899784946,-0.10702694387982996,0.006162355585363996,0.010180288114064743,73.73144061481993,1.3374545574188232,20,-0.5834952094435041,-0.46636442449267346
recorded_obs-0629-01,new_latest,257,0.507114780127612,current_image_current_state,0.40029656912264616,0.005669735318723089,0.03833563245469103,0.012356234452116645,0.4028395886883988,16.63692100072771,1.8325051844120026,20,-0.468779147672921,-0.10681821100496586
recorded_obs-0629-01,new_latest,257,0.507114780127612,current_image_start_state,0.00655757529016585,0.0013231911650892136,-0.11545728321295638,0.0058971764765976455,0.006575122901461404,78.05672790480433,1.3582356929779054,20,-0.6225720633405684,-0.5005572048374461
recorded_obs-0629-01,new_latest,257,0.507114780127612,start_image_current_state,0.40293009863660867,0.0057569504618315325,0.06136723752855594,0.01315115478271187,0.4060205940580247,16.46074162065942,1.7510143995285035,20,-0.4457475425990561,-0.10418468149100335
recorded_obs-0629-01,new_latest,257,0.507114780127612,start_image_start_state,0.010103841071000663,0.0013177767899784946,-0.10702694387982996,0.006162355585363996,0.010180288114064743,77.57191454127403,1.3374545574188232,20,-0.6141417240074419,-0.49701093905661137
recorded_obs-0629-01,new_latest,272,0.8290708715946437,current_image_current_state,0.5163930579312639,0.018202431727412316,0.1268582407578344,0.013684425423130173,0.5320722196406897,46.37838639332783,1.9980153679847716,20,-0.7022126308368093,-0.31267781366337977
recorded_obs-0629-01,new_latest,272,0.8290708715946437,current_image_start_state,0.00045538541072917505,0.001214046511852606,-0.12823133740235707,0.005453297194232735,0.0004846859706097848,123.47548918804618,1.2889877259731293,20,-0.9573022089970007,-0.8286154861839145
recorded_obs-0629-01,new_latest,272,0.8290708715946437,start_image_current_state,0.5537681201050566,0.012175471386469685,0.22656773579166528,0.01687899827986018,0.576600317200338,41.06602200162624,1.8342075943946838,20,-0.6025031358029784,-0.27530275148958705
recorded_obs-0629-01,new_latest,272,0.8290708715946437,start_image_start_state,0.010103841071000663,0.0013177767899784946,-0.10702694387982996,0.006162355585363996,0.010180288114064743,122.08948237670813,1.3374545574188232,20,-0.9360978154744736,-0.818967030523643
recorded_obs-0629-01,new_latest,274,0.8370770290171939,current_image_current_state,0.519310507434841,0.018166392349024212,0.132261411864529,0.013483248157439173,0.535860663790313,47.25795279091342,1.9967839419841766,20,-0.7048156171526649,-0.31776652158235297
recorded_obs-0629-01,new_latest,274,0.8370770290171939,current_image_start_state,0.002174765006536655,0.0012470001528976785,-0.12605814927451117,0.005676765085319946,0.0021899529319669765,123.83210239910868,1.2818313837051392,20,-0.9631351782917051,-0.8349022640106573
recorded_obs-0629-01,new_latest,274,0.8370770290171939,start_image_current_state,0.5542526781549404,0.01261105608406086,0.2304034907024958,0.016984862264325332,0.5780606098619876,42.402363611298156,1.833594423532486,20,-0.6066735383146982,-0.28282435086225355
recorded_obs-0629-01,new_latest,274,0.8370770290171939,start_image_start_state,0.010103841071000663,0.0013177767899784946,-0.10702694387982996,0.006162355585363996,0.010180288114064743,122.68764359367478,1.3374545574188232,20,-0.9441039728970239,-0.8269731879461932
recorded_obs-0629-01,new_latest,289,0.8728991479337753,current_image_current_state,0.5232760265527763,0.0197398636936511,0.15211057728703928,0.01369214828078738,0.5422793550855637,52.54056176246452,1.96185462474823,20,-0.7207885706467361,-0.34962312138099905
recorded_obs-0629-01,new_latest,289,0.8728991479337753,current_image_start_state,0.005358830516770072,0.0013023619761747944,-0.1209067600270215,0.005604872840089264,0.005373278730189907,127.044547975875,1.2723011136054994,20,-0.9938059079607968,-0.8675403174170052
recorded_obs-0629-01,new_latest,289,0.8728991479337753,start_image_current_state,0.5583723369343707,0.014600975098786193,0.2473179232614891,0.01720865332546821,0.5856784874367903,47.79757814037505,1.8301590919494628,20,-0.6255812246722863,-0.3145268109994046
recorded_obs-0629-01,new_latest,289,0.8728991479337753,start_image_start_state,0.010103841071000663,0.0013177767899784946,-0.10702694387982996,0.006162355585363996,0.010180288114064743,126.3809586752036,1.3374545574188232,20,-0.9799260918136052,-0.8627953068627746
recorded_obs-0629-01,new_latest,291,0.8599732637189181,current_image_current_state,0.5221498598379707,0.019969444611506054,0.1503535938245105,0.013696058564946512,0.540456958707336,50.883105828405135,1.9643298447132111,20,-0.7096196698944076,-0.33782340388094745
recorded_obs-0629-01,new_latest,291,0.8599732637189181,current_image_start_state,0.0059050127529919165,0.0012578771441141563,-0.12146541844768274,0.00562143674888393,0.005920296528528692,125.0100953180167,1.2857129275798798,20,-0.9814386821666009,-0.8540682509659262
recorded_obs-0629-01,new_latest,291,0.8599732637189181,start_image_current_state,0.5590500784643507,0.01450113324795385,0.2489329203715646,0.01741518821142649,0.5858947886884066,45.99044130070894,1.8271897256374359,20,-0.6110403433473536,-0.3009231852545674
recorded_obs-0629-01,new_latest,291,0.8599732637189181,start_image_start_state,0.010103841071000663,0.0013177767899784946,-0.10702694387982996,0.006162355585363996,0.010180288114064743,124.44551784484835,1.3374545574188232,20,-0.967000207598748,-0.8498694226479174
recorded_obs-0629-01,new_latest,306,0.8193020241130448,current_image_current_state,0.5305707124368817,0.015519800130303215,0.16136283562997736,0.013912322130825435,0.5471489635993106,42.85244609571517,1.9154308974742889,20,-0.6579391884830674,-0.28873131167616306
recorded_obs-0629-01,new_latest,306,0.8193020241130448,current_image_start_state,0.004719809213095056,0.0012864403430832999,-0.11866861584789068,0.0055954991547608945,0.00473035151063232,121.55886234804557,1.2429394185543061,20,-0.9379706399609354,-0.8145822148999498
recorded_obs-0629-01,new_latest,306,0.8193020241130448,start_image_current_state,0.5564672165750288,0.011632523743133706,0.24178086976069113,0.01811444694431343,0.5793488521279185,39.253579636563465,1.7943834364414215,20,-0.5775211543523536,-0.2628348075380159
recorded_obs-0629-01,new_latest,306,0.8193020241130448,start_image_start_state,0.010103841071000663,0.0013177767899784946,-0.10702694387982996,0.006162355585363996,0.010180288114064743,120.81382598433143,1.3374545574188232,20,-0.9263289679928747,-0.809198183042044
recorded_obs-0629-01,new_latest,308,0.8362594589642434,current_image_current_state,0.5275438018943609,0.017495270448338176,0.15640222232767093,0.013898501836596728,0.5445528525397914,45.92294619090168,1.9359478414058686,20,-0.6798572366365725,-0.30871565706988247
recorded_obs-0629-01,new_latest,308,0.8362594589642434,current_image_start_state,0.005750753387393122,0.0012856963411875927,-0.11664808793854216,0.005644003391226685,0.005788879176323139,123.21831162822086,1.2409529328346252,20,-0.9529075469027856,-0.8305087055768502
recorded_obs-0629-01,new_latest,308,0.8362594589642434,start_image_current_state,0.5604147631373926,0.012513969126451542,0.24783330640145151,0.018036261962826972,0.5846665534300308,41.38630207557531,1.805381965637207,20,-0.5884261525627918,-0.2758446958268508
recorded_obs-0629-01,new_latest,308,0.8362594589642434,start_image_start_state,0.010103841071000663,0.0013177767899784946,-0.10702694387982996,0.006162355585363996,0.010180288114064743,122.62350061139338,1.3374545574188232,20,-0.9432864028440733,-0.8261556178932427
recorded_obs-0629-01,new_latest,323,0.8702196153801843,current_image_current_state,0.5270327162050858,0.01976464345180565,0.15743210098084734,0.013439317003883214,0.5463245980155291,51.53839546206639,1.962847739458084,20,-0.712787514399337,-0.3431868991750985
recorded_obs-0629-01,new_latest,323,0.8702196153801843,current_image_start_state,0.00493613037412022,0.0013038677823376203,-0.12221798361384424,0.0056108195624237625,0.004943486247435231,126.57207575154055,1.2817831754684448,20,-0.9924375989940286,-0.8652834850060641
recorded_obs-0629-01,new_latest,323,0.8702196153801843,start_image_current_state,0.5613745410808051,0.014483654932239038,0.2546674590313577,0.017546498996110264,0.5889797598139748,47.00203400127799,1.8229123830795289,20,-0.6155521563488267,-0.30884507429937924
recorded_obs-0629-01,new_latest,323,0.8702196153801843,start_image_start_state,0.010103841071000663,0.0013177767899784946,-0.10702694387982996,0.006162355585363996,0.010180288114064743,125.84500981799245,1.3374545574188232,20,-0.9772465592600142,-0.8601157743091836
recorded_obs-0629-01,new_latest,325,0.883508978846213,current_image_current_state,0.5264502509371393,0.020053711456616902,0.1655059740849599,0.013780775651598595,0.5472651796778135,53.91529628422484,1.9488119781017303,20,-0.7180030047612531,-0.3570587279090738
recorded_obs-0629-01,new_latest,325,0.883508978846213,current_image_start_state,0.005679288392644402,0.0012676821423072636,-0.1217454411718627,0.005546976367347057,0.0056986638844989486,127.94152659979322,1.2816801369190216,20,-1.0052544200180757,-0.8778296904535686
recorded_obs-0629-01,new_latest,325,0.883508978846213,start_image_current_state,0.5608558698257673,0.015183984194639876,0.2588552688638177,0.017469398982887158,0.589984198943744,49.37569418553685,1.8239959120750426,20,-0.6246537099823953,-0.32265310902044575
recorded_obs-0629-01,new_latest,325,0.883508978846213,start_image_start_state,0.010103841071000663,0.0013177767899784946,-0.10702694387982996,0.006162355585363996,0.010180288114064743,127.33350470428859,1.3374545574188232,20,-0.990535922726043,-0.8734051377752123
recorded_obs-0629-02,new_latest,0,0.0,current_image_current_state,0.0030523538893431784,0.0013749805961773504,-0.10653524524755842,0.006084021372846563,0.0032010044784934293,8.344860774507032,1.2804048717021943,20,-0.10653524524755842,0.0030523538893431784
recorded_obs-0629-02,new_latest,0,0.0,current_image_start_state,0.0030523538893431784,0.0013749805961773504,-0.10653524524755842,0.006084021372846563,0.0032010044784934293,8.344860774507032,1.2804048717021943,20,-0.10653524524755842,0.0030523538893431784
recorded_obs-0629-02,new_latest,0,0.0,start_image_current_state,0.0030523538893431784,0.0013749805961773504,-0.10653524524755842,0.006084021372846563,0.0032010044784934293,8.344860774507032,1.2804048717021943,20,-0.10653524524755842,0.0030523538893431784
recorded_obs-0629-02,new_latest,0,0.0,start_image_start_state,0.0030523538893431784,0.0013749805961773504,-0.10653524524755842,0.006084021372846563,0.0032010044784934293,8.344860774507032,1.2804048717021943,20,-0.10653524524755842,0.0030523538893431784
recorded_obs-0629-02,new_latest,50,0.3058883381256314,current_image_current_state,0.2584274038867719,0.0025757672876121755,-0.010429160362768435,0.00854485438672665,0.2588273996303414,8.457558494916325,1.5244329452514649,20,-0.3163174984883998,-0.0474609342388595
recorded_obs-0629-02,new_latest,50,0.3058883381256314,current_image_start_state,-0.0017293780898742534,0.0014445787728469366,-0.10688494504558106,0.0056207310890386995,-0.0017175481185013777,50.738176734343426,1.2420235693454742,20,-0.4127732831712124,-0.30761771621550565
recorded_obs-0629-02,new_latest,50,0.3058883381256314,start_image_current_state,0.2624233567181188,0.002671107365285526,-0.007147677189450158,0.009234388689070299,0.26302973584119976,8.350374770016064,1.5280575633049012,20,-0.3130360153150815,-0.04346498140751259
recorded_obs-0629-02,new_latest,50,0.3058883381256314,start_image_start_state,0.0030523538893431784,0.0013749805961773504,-0.10653524524755842,0.006084021372846563,0.0032010044784934293,49.656292456835246,1.2804048717021943,20,-0.4124235833731898,-0.3028359842362882
recorded_obs-0629-02,new_latest,52,0.29996007034702427,current_image_current_state,0.2534687426700094,0.0025893949957925665,-0.014428275364376195,0.008872222829080937,0.2539752550132398,8.50133738434928,1.528503954410553,20,-0.31438834571140045,-0.04649132767701486
recorded_obs-0629-02,new_latest,52,0.29996007034702427,current_image_start_state,0.0014450778264062296,0.0015325278841231721,-0.1112900358560027,0.005913397023450805,0.001515951364956873,49.311677276035695,1.2744853138923644,20,-0.41125010620302693,-0.298514992520618
recorded_obs-0629-02,new_latest,52,0.29996007034702427,start_image_current_state,0.2559345462977706,0.002733966191115242,-0.009230639649507459,0.009171848544132473,0.25659784682466713,8.521830550273702,1.5137296795845032,20,-0.3091907099965317,-0.04402552404925364
recorded_obs-0629-02,new_latest,52,0.29996007034702427,start_image_start_state,0.0030523538893431784,0.0013749805961773504,-0.10653524524755842,0.006084021372846563,0.0032010044784934293,48.54555346746758,1.2804048717021943,20,-0.4064953155945827,-0.2969077164576811
recorded_obs-0629-02,new_latest,84,0.8250771130871825,current_image_current_state,0.5238928822204384,0.017263162977882125,0.14444377905810774,0.013607005410861314,0.5402324900390981,44.56321045751939,1.9549874663352966,20,-0.6806333340290747,-0.30118423086674406
recorded_obs-0629-02,new_latest,84,0.8250771130871825,current_image_start_state,0.0013897736387333123,0.0013516497958530127,-0.12407640574802606,0.005559254884243155,0.00142881962924727,122.1850962968609,1.2503608345985413,20,-0.9491535188352085,-0.8236873394484492
recorded_obs-0629-02,new_latest,84,0.8250771130871825,start_image_current_state,0.5549070630631087,0.012275078747349072,0.22683808449001042,0.01596317667212125,0.5769619828610433,40.207721223493564,1.8339424967765807,20,-0.598239028597172,-0.2701700500240738
recorded_obs-0629-02,new_latest,84,0.8250771130871825,start_image_start_state,0.0030523538893431784,0.0013749805961773504,-0.10653524524755842,0.006084021372846563,0.0032010044784934293,121.94759775960108,1.2804048717021943,20,-0.9316123583347409,-0.8220247591978392
recorded_obs-0629-02,new_latest,86,0.8379419256364874,current_image_current_state,0.5277080360006633,0.01759697511774054,0.15342789342484645,0.013604913529910025,0.5448339081233649,45.93344965112227,1.944129753112793,20,-0.684514032211641,-0.3102338896358241
recorded_obs-0629-02,new_latest,86,0.8379419256364874,current_image_start_state,0.0022141003621768095,0.0012671159842001577,-0.11988485509739459,0.005560681291979383,0.002227578917717169,123.5126688174573,1.2254343569278716,20,-0.9578267807338819,-0.8357278252743106
recorded_obs-0629-02,new_latest,86,0.8379419256364874,start_image_current_state,0.5566278939938563,0.012479794831658737,0.2305662794551798,0.016159373199524516,0.5792292126426006,41.95505472834892,1.8326803207397462,20,-0.6073756461813076,-0.28131403164263113
recorded_obs-0629-02,new_latest,86,0.8379419256364874,start_image_start_state,0.0030523538893431784,0.0013749805961773504,-0.10653524524755842,0.006084021372846563,0.0032010044784934293,123.36339411615859,1.2804048717021943,20,-0.9444771708840458,-0.8348895717471442
recorded_obs-0629-02,new_latest,101,0.829137321283978,current_image_current_state,0.5196278789873995,0.017964019759675633,0.1473322976930889,0.013448584391671545,0.5358997152737294,46.193783338382886,1.9288978159427643,20,-0.6818050235908891,-0.3095094422965785
recorded_obs-0629-02,new_latest,101,0.829137321283978,current_image_start_state,0.0032246351899357416,0.0012861015884441794,-0.12342271311545545,0.005477459283995672,0.003269568506715069,121.8020946717663,1.2394620060920716,20,-0.9525600343994335,-0.8259126860940422
recorded_obs-0629-02,new_latest,101,0.829137321283978,start_image_current_state,0.5481572377575652,0.012858054272778032,0.2262184198434573,0.016775192935084244,0.5690622358411528,42.28056227526349,1.8077007591724397,20,-0.6029189014405207,-0.2809800835264128
recorded_obs-0629-02,new_latest,101,0.829137321283978,start_image_start_state,0.0030523538893431784,0.0013749805961773504,-0.10653524524755842,0.006084021372846563,0.0032010044784934293,121.8323849057102,1.2804048717021943,20,-0.9356725665315364,-0.8260849673946348
recorded_obs-0629-02,new_latest,103,0.8364970751014296,current_image_current_state,0.522425616868698,0.01855211405196287,0.1490762009949,0.013586242720619467,0.53894541027328,46.81184988526912,1.9379292845726013,20,-0.6874208741065295,-0.3140714582327315
recorded_obs-0629-02,new_latest,103,0.8364970751014296,current_image_start_state,0.0031640087280488246,0.0012719026406257203,-0.12151833807343737,0.0054910411195034405,0.003195315782526511,122.84640510023166,1.2461930453777312,20,-0.9580154131748669,-0.8333330663733808
recorded_obs-0629-02,new_latest,103,0.8364970751014296,start_image_current_state,0.5539810271600418,0.01294578680675323,0.23373366235171825,0.016940710673097607,0.5757769240043737,42.45101640232577,1.8106714546680451,20,-0.6027634127497113,-0.28251604794138774
recorded_obs-0629-02,new_latest,103,0.8364970751014296,start_image_start_state,0.0030523538893431784,0.0013749805961773504,-0.10653524524755842,0.006084021372846563,0.0032010044784934293,122.91252778393414,1.2804048717021943,20,-0.943032320348988,-0.8334447212120863
recorded_obs-0629-02,new_latest,118,0.839575364062555,current_image_current_state,0.5300411843491328,0.017496713906108047,0.1529037273420461,0.013905765014570002,0.547284017908116,45.80690128795585,1.9550998389720917,20,-0.6866716367205088,-0.3095341797134221
recorded_obs-0629-02,new_latest,118,0.839575364062555,current_image_start_state,0.00271448034491572,0.0013409400125733318,-0.11949609727000636,0.005468134747157912,0.0027273970727156767,124.0839046685705,1.2379302442073823,20,-0.9590714613325613,-0.8368608837176392
recorded_obs-0629-02,new_latest,118,0.839575364062555,start_image_current_state,0.5586169783955667,0.012200467390424232,0.23393011529009056,0.016459911825030534,0.5809017420777614,41.78947906315947,1.827479064464569,20,-0.6056452487724644,-0.2809583856669883
recorded_obs-0629-02,new_latest,118,0.839575364062555,start_image_start_state,0.0030523538893431784,0.0013749805961773504,-0.10653524524755842,0.006084021372846563,0.0032010044784934293,124.05375533171409,1.2804048717021943,20,-0.9461106093101134,-0.8365230101732117
recorded_obs-0629-02,new_latest,120,0.8640264523567613,current_image_current_state,0.5330719771215382,0.01863326778233553,0.16047287920807746,0.013888217938349276,0.5525766403400728,49.31220196344152,1.9647087454795837,20,-0.7035535731486839,-0.33095447523522314
recorded_obs-0629-02,new_latest,120,0.8640264523567613,current_image_start_state,0.0031245159760869977,0.001285715234587339,-0.12130022884685084,0.005481997171059877,0.003132601322713636,126.31105662446546,1.2458080172538757,20,-0.9853266812036122,-0.8609019363806744
recorded_obs-0629-02,new_latest,120,0.8640264523567613,start_image_current_state,0.5609811130989749,0.013678753279768195,0.23724741337270233,0.01595459430727132,0.5857508262170616,45.4163880970274,1.8497367322444915,20,-0.6267790389840591,-0.30304533925778643
recorded_obs-0629-02,new_latest,120,0.8640264523567613,start_image_start_state,0.0030523538893431784,0.0013749805961773504,-0.10653524524755842,0.006084021372846563,0.0032010044784934293,126.32703252667072,1.2804048717021943,20,-0.9705616976043198,-0.8609740984674181
recorded_obs-0629-02,new_latest,135,0.9139146317769091,current_image_current_state,0.5189465761219465,0.021661075134589647,0.17186464973531812,0.01366717502862581,0.5422555018878479,60.681067085334846,1.931228941679001,20,-0.742049982041591,-0.3949680556549626
recorded_obs-0629-02,new_latest,135,0.9139146317769091,current_image_start_state,0.002332402197555838,0.0013650191711237565,-0.12136979990536594,0.00535678401766335,0.002332402197555838,131.8151967399602,1.2288449883461,20,-1.0352844316822751,-0.9115822295793533
recorded_obs-0629-02,new_latest,135,0.9139146317769091,start_image_current_state,0.5497035160359673,0.016585899073029015,0.2460538284962966,0.015659893926101166,0.5791796792522115,56.51663298853064,1.8383398234844208,20,-0.6678608032806126,-0.3642111157409418
recorded_obs-0629-02,new_latest,135,0.9139146317769091,start_image_start_state,0.0030523538893431784,0.0013749805961773504,-0.10653524524755842,0.006084021372846563,0.0032010044784934293,131.6997103426549,1.2804048717021943,20,-1.0204498770244674,-0.9108622778875659
recorded_obs-0629-02,new_latest,137,0.9136436294925844,current_image_current_state,0.5170912191088645,0.02151455871820478,0.175072666434135,0.013576064897683475,0.5409458089098781,61.120704628931165,1.9208413302898406,20,-0.7385709630584494,-0.3965524103837199
recorded_obs-0629-02,new_latest,137,0.9136436294925844,current_image_start_state,0.0019842039138632307,0.0013219089693337067,-0.1191154842474168,0.005454692703898058,0.0020157848212450985,131.74608872486488,1.2139822363853454,20,-1.0327591137400012,-0.9116594255787211
recorded_obs-0629-02,new_latest,137,0.9136436294925844,start_image_current_state,0.546984341209224,0.016625652215901014,0.2451466457737685,0.015600516033812569,0.5768056277266892,57.12271388478085,1.8348896503448486,20,-0.6684969837188159,-0.36665928828336036
recorded_obs-0629-02,new_latest,137,0.9136436294925844,start_image_start_state,0.0030523538893431784,0.0013749805961773504,-0.10653524524755842,0.006084021372846563,0.0032010044784934293,131.57829512482743,1.2804048717021943,20,-1.0201788747401428,-0.9105912756032412
recorded_obs-0629-02,new_latest,152,0.8991837232097569,current_image_current_state,0.517555898832309,0.020794255812522228,0.171635121696008,0.013958801823792439,0.5409716817409145,58.46115981998789,1.9233795583248139,20,-0.7275486015137489,-0.3816278243774479
recorded_obs-0629-02,new_latest,152,0.8991837232097569,current_image_start_state,0.0011396094657821754,0.0012734436575533418,-0.12003304192896705,0.005533849142788706,0.0011508045757176177,130.031097901314,1.2209365248680115,20,-1.019216765138724,-0.8980441137439747
recorded_obs-0629-02,new_latest,152,0.8991837232097569,start_image_current_state,0.5437595105296733,0.015840965797343284,0.23641917041213523,0.015732705407843665,0.5724023801828608,54.99268900812687,1.8354585647583008,20,-0.6627645527976217,-0.3554242126800836
recorded_obs-0629-02,new_latest,152,0.8991837232097569,start_image_start_state,0.0030523538893431784,0.0013749805961773504,-0.10653524524755842,0.006084021372846563,0.0032010044784934293,129.7186055692174,1.2804048717021943,20,-1.0057189684573153,-0.8961313693204137
recorded_obs-0629-02,new_latest,154,0.9193797044040576,current_image_current_state,0.5186801188199354,0.02138489307417406,0.1703406607183019,0.014119801669136874,0.5419558645631798,61.378697444147576,1.9352708876132965,20,-0.7490390436857557,-0.4006995855841222
recorded_obs-0629-02,new_latest,154,0.9193797044040576,current_image_start_state,0.001384165974667916,0.0013212762241748325,-0.12194481486058521,0.005622203597460647,0.0013907014297067583,132.8641038301153,1.2331495940685273,20,-1.0413245192646428,-0.9179955384293896
recorded_obs-0629-02,new_latest,154,0.9193797044040576,start_image_current_state,0.5482960025813991,0.0163461495689441,0.24375921369793305,0.01564660212309733,0.578020219964056,57.35161242043559,1.8383671283721923,20,-0.6756204907061245,-0.3710837018226585
recorded_obs-0629-02,new_latest,154,0.9193797044040576,start_image_start_state,0.0030523538893431784,0.0013749805961773504,-0.10653524524755842,0.006084021372846563,0.0032010044784934293,132.59115872488056,1.2804048717021943,20,-1.025914949651616,-0.9163273505147144
recorded_obs-0629-02,new_latest,169,0.8774592191819796,current_image_current_state,0.5299816889770756,0.01921854481689775,0.1577695076856968,0.013810671314691537,0.549285819067356,52.0163057831388,1.9648502707481383,20,-0.7196897114962828,-0.3474775302049039
recorded_obs-0629-02,new_latest,169,0.8774592191819796,current_image_start_state,0.0025573872115850823,0.0013402323142401326,-0.12202706430131885,0.0055468796767634285,0.002584210428453948,128.060727856764,1.239455419778824,20,-0.9994862834832984,-0.8749018319703945
recorded_obs-0629-02,new_latest,169,0.8774592191819796,start_image_current_state,0.5586176750292723,0.014484188178329386,0.23618719561597662,0.015739831989732365,0.5845449150245986,48.05811289577937,1.8513209044933319,20,-0.641272023566003,-0.31884154415270727
recorded_obs-0629-02,new_latest,169,0.8774592191819796,start_image_start_state,0.0030523538893431784,0.0013749805961773504,-0.10653524524755842,0.006084021372846563,0.0032010044784934293,127.9686273443418,1.2804048717021943,20,-0.983994464429538,-0.8744068652926363
recorded_obs-0629-02,new_latest,171,0.8948945575101906,current_image_current_state,0.5276276370821256,0.020393372743035917,0.16428899053550486,0.01392920754527703,0.548728533395774,55.34356752179059,1.9564899682998658,20,-0.7306055669746858,-0.3672669204280651
recorded_obs-0629-02,new_latest,171,0.8948945575101906,current_image_start_state,0.0012555737401794419,0.0012828185824746105,-0.1211453230180799,0.0054762232214224426,0.0012741839101792988,130.15271850306652,1.2405469596385956,20,-1.0160398805282704,-0.8936389837700112
recorded_obs-0629-02,new_latest,171,0.8948945575101906,start_image_current_state,0.5585723048064474,0.015208194253725743,0.2431153639809045,0.015732411178415697,0.5867034966379772,51.115555076818595,1.8513716876506805,20,-0.6517791935292861,-0.3363222527037433
recorded_obs-0629-02,new_latest,171,0.8948945575101906,start_image_start_state,0.0030523538893431784,0.0013749805961773504,-0.10653524524755842,0.006084021372846563,0.0032010044784934293,129.85863442284148,1.2804048717021943,20,-1.001429802757749,-0.8918422036208474
recorded_obs-0629-02,new_latest,186,0.8340695137744885,current_image_current_state,0.5327905878423825,0.016622424288800872,0.15843824474927234,0.01426285526054947,0.5502679130016571,44.48245353627131,1.9455799043178559,20,-0.6756312690252161,-0.3012789259321059
recorded_obs-0629-02,new_latest,186,0.8340695137744885,current_image_start_state,0.0008273926766185432,0.0013365837315081305,-0.12310967959452776,0.005436834693786559,0.0008417159361219456,124.369651573656,1.2326315879821776,20,-0.9571791933690162,-0.8332421210978699
recorded_obs-0629-02,new_latest,186,0.8340695137744885,start_image_current_state,0.5582799807237727,0.011693617106418539,0.2326390973716562,0.016394414797985334,0.580345856937184,40.83554656293727,1.8221787631511688,20,-0.6014304164028322,-0.27578953305071574
recorded_obs-0629-02,new_latest,186,0.8340695137744885,start_image_start_state,0.0030523538893431784,0.0013749805961773504,-0.10653524524755842,0.006084021372846563,0.0032010044784934293,124.05688921926453,1.2804048717021943,20,-0.9406047590220469,-0.8310171598851452
recorded_obs-0629-02,new_latest,188,0.8350098545774947,current_image_current_state,0.5368433737224255,0.015897990322752853,0.1645169796213923,0.014367382833343486,0.5546903357755074,44.063373282568755,1.9388764202594757,20,-0.6704928749561023,-0.29816648085506914
recorded_obs-0629-02,new_latest,188,0.8350098545774947,current_image_start_state,0.001280112030005934,0.0013459572896218058,-0.12098838620591897,0.005450574371637322,0.001280112030005934,124.4185398640564,1.2284898161888123,20,-0.9559982407834137,-0.8337297425474888
recorded_obs-0629-02,new_latest,188,0.8350098545774947,start_image_current_state,0.559120077328773,0.011561891329725226,0.23576882466520388,0.016614987833701553,0.5819084571206906,40.87624920195202,1.821847665309906,20,-0.5992410299122908,-0.27588977724872166
recorded_obs-0629-02,new_latest,188,0.8350098545774947,start_image_start_state,0.0030523538893431784,0.0013749805961773504,-0.10653524524755842,0.006084021372846563,0.0032010044784934293,124.13066765030291,1.2804048717021943,20,-0.9415450998250531,-0.8319575006881514
recorded_obs-0629-02,new_latest,203,0.9116412653184621,current_image_current_state,0.5238059092495508,0.020765620585560488,0.16515473564043204,0.014054055732202905,0.5460430708514519,58.776683040234744,1.9521632313728332,20,-0.7464865296780301,-0.3878353560689113
recorded_obs-0629-02,new_latest,203,0.9116412653184621,current_image_start_state,0.0017493090328478456,0.0013581278742982644,-0.12177493261164889,0.0055569840008278006,0.0017733285121034504,132.03448077945941,1.2311450779438018,20,-1.033416197930111,-0.9098919562856143
recorded_obs-0629-02,new_latest,203,0.9116412653184621,start_image_current_state,0.553261631595463,0.01593878802610486,0.2424339245793111,0.015967857345358095,0.581726179066849,54.71729840001268,1.8448249220848083,20,-0.669207340739151,-0.3583796337229991
recorded_obs-0629-02,new_latest,203,0.9116412653184621,start_image_start_state,0.0030523538893431784,0.0013749805961773504,-0.10653524524755842,0.006084021372846563,0.0032010044784934293,131.82102227724158,1.2804048717021943,20,-1.0181765105660205,-0.9085889114291189
recorded_obs-0629-02,new_latest,205,0.9279366697985146,current_image_current_state,0.5213225758504852,0.02088587633479546,0.1702278678612908,0.013620565794642664,0.5449632613193007,62.07060680186028,1.9453227996826172,20,-0.7577088019372238,-0.4066140939480294
recorded_obs-0629-02,new_latest,205,0.9279366697985146,current_image_start_state,0.0018476376608791319,0.0012894134437923424,-0.12186935867295241,0.005481248834111773,0.0018673254656072682,134.02760825429718,1.2261541426181792,20,-1.049806028471467,-0.9260890321376355
recorded_obs-0629-02,new_latest,205,0.9279366697985146,start_image_current_state,0.5521518831227714,0.016426065789723304,0.24889412379095033,0.015620395428027215,0.5828802128292467,57.827366278839676,1.8447327673435212,20,-0.6790425460075643,-0.3757847866757432
recorded_obs-0629-02,new_latest,205,0.9279366697985146,start_image_start_state,0.0030523538893431784,0.0013749805961773504,-0.10653524524755842,0.006084021372846563,0.0032010044784934293,133.82663654690063,1.2804048717021943,20,-1.034471915046073,-0.9248843159091714
recorded_obs-0629-02,new_latest,220,0.8972647797530326,current_image_current_state,0.5218197057250441,0.020010830256226186,0.16269926321277622,0.013605323174866985,0.542507163991856,56.82339985113888,1.9337231516838074,20,-0.7345655165402565,-0.37544507402798855
recorded_obs-0629-02,new_latest,220,0.8972647797530326,current_image_start_state,0.0016377372822396533,0.001273312631074696,-0.12095837858955276,0.005515726576616851,0.0016411967350545627,130.2507786344259,1.2212101817131042,20,-1.0182231583425854,-0.895627042470793
recorded_obs-0629-02,new_latest,220,0.8972647797530326,start_image_current_state,0.5536446421913033,0.015647251324190068,0.23973399444159055,0.016090967517727373,0.5814135107852086,52.42707398371484,1.8455184698104858,20,-0.657530785311442,-0.3436201375617294
recorded_obs-0629-02,new_latest,220,0.8972647797530326,start_image_start_state,0.0030523538893431784,0.0013749805961773504,-0.10653524524755842,0.006084021372846563,0.0032010044784934293,130.01172803317263,1.2804048717021943,20,-1.003800025000591,-0.8942124258636894
recorded_obs-0629-02,new_latest,222,0.886436567932229,current_image_current_state,0.5192059258235535,0.019660794097750546,0.16138989777447552,0.013598394320575373,0.5395827053294494,55.573489580891156,1.9228132367134094,20,-0.7250466701577535,-0.3672306421086755
recorded_obs-0629-02,new_latest,222,0.886436567932229,current_image_start_state,0.0017510581745745018,0.0013916778161101896,-0.12076929660294689,0.0055902992925684755,0.0017510581745745018,128.75932631998094,1.2269825756549835,20,-1.0072058645351758,-0.8846855097576545
recorded_obs-0629-02,new_latest,222,0.886436567932229,start_image_current_state,0.5498754637491647,0.015141659853735022,0.23280546402554556,0.016073644969671258,0.5762146420099302,51.32385788614878,1.842697548866272,20,-0.6536311039066834,-0.3365611041830643
recorded_obs-0629-02,new_latest,222,0.886436567932229,start_image_start_state,0.0030523538893431784,0.0013749805961773504,-0.10653524524755842,0.006084021372846563,0.0032010044784934293,128.54563336204416,1.2804048717021943,20,-0.9929718131797874,-0.8833842140428858
