run,obs_timestep,server_rtc_enabled,server_rtc_real_delay,current_p,server_first_p,server_end_p,server_max_p,image_variant,offline_first_mean,offline_end_mean,offline_max_mean,delta_end_server_minus_offline,delta_first_server_minus_offline,offline_end_minus_current_p,server_end_minus_current_p
recorded_obs-0629-01,0,True,7.0,0.0,-0.005321710127393502,0.018904587576193295,0.09457109203425905,saved_rgb,0.00027091036466806145,0.04175702517517976,0.1598543842305527,-0.022852437598986468,-0.005592620492061564,0.04175702517517976,0.018904587576193295
recorded_obs-0629-01,0,True,7.0,0.0,-0.005321710127393502,0.018904587576193295,0.09457109203425905,server_jpeg_bgr_q90,-0.0016052050424631918,0.022902898543543347,0.11068209210856055,-0.003998310967350052,-0.0037165050849303103,0.022902898543543347,0.018904587576193295
recorded_obs-0629-01,13,True,3.0,0.02903988450662315,0.028102091973770383,0.06826129865946706,0.10989892674985192,<not_replayed>,,,,,,,
recorded_obs-0629-01,17,True,3.0,0.03385348866913742,-0.009563377045062476,0.12435638493064276,0.12435638493064276,<not_replayed>,,,,,,,
recorded_obs-0629-01,32,True,3.0,0.04284627701372838,-0.00235472777827766,0.10627261126593412,0.11349721951345855,<not_replayed>,,,,,,,
recorded_obs-0629-01,34,True,3.0,0.04737479216031866,0.04951261391776177,0.14322753361727114,0.17274658334984014,<not_replayed>,,,,,,,
recorded_obs-0629-01,49,True,3.0,0.09560780949049413,0.10381306943714166,0.37844319583994435,0.3988687046943438,saved_rgb,0.0838000767555714,0.37001656888474554,0.4202353918562469,0.008426626955198802,0.020012992681570266,0.2744087593942514,0.2828353863494502
recorded_obs-0629-01,49,True,3.0,0.09560780949049413,0.10381306943714166,0.37844319583994435,0.3988687046943438,server_jpeg_bgr_q90,0.0829162226473644,0.2828427379183124,0.3369919899243288,0.09560045792163196,0.020896846789777268,0.18723492842781825,0.2828353863494502
recorded_obs-0629-01,51,True,3.0,0.06733888555222572,0.07575453496171893,0.10730856397815275,0.1529858287689987,<not_replayed>,,,,,,,
recorded_obs-0629-01,66,True,3.0,0.11858095536642346,0.09403666288809015,0.8098360705208275,0.8098360705208275,saved_rgb,0.11060651070469177,0.6857879098373101,0.6973514020444601,0.12404816068351743,-0.01656984781660162,0.5672069544708866,0.6912551151544041
recorded_obs-0629-01,66,True,3.0,0.11858095536642346,0.09403666288809015,0.8098360705208275,0.8098360705208275,server_jpeg_bgr_q90,0.10421977878534927,0.35026571346031155,0.40129554356500713,0.45957035706051597,-0.01018311589725912,0.23168475809388808,0.6912551151544041
recorded_obs-0629-01,68,True,3.0,0.14077352677722244,0.09655543476057935,0.12697116704494366,0.15633072147422963,<not_replayed>,,,,,,,
recorded_obs-0629-01,83,True,3.0,0.1394194654546586,0.10535724111859551,0.24957313497207756,0.42266455779312667,<not_replayed>,,,,,,,
recorded_obs-0629-01,85,True,3.0,0.1814773057260288,0.08866904821696513,0.2333615481421984,0.3119048858346525,<not_replayed>,,,,,,,
recorded_obs-0629-01,100,True,3.0,0.19542115370332278,0.166625719196868,0.32481917414999983,0.4045975449949006,<not_replayed>,,,,,,,
recorded_obs-0629-01,102,True,3.0,0.23572334851735563,0.17582872370692082,0.10056521908819399,0.19743825536583504,<not_replayed>,,,,,,,
recorded_obs-0629-01,117,True,3.0,0.1590724890556444,0.09497208446633226,0.40715496588755684,0.42273689628616806,<not_replayed>,,,,,,,
recorded_obs-0629-01,119,True,3.0,0.1576133953373097,0.09804391130510991,0.7423354052402822,0.7689445808932529,saved_rgb,0.18471266004994832,0.7136572607560152,0.7619074359557713,0.028678144484266976,-0.08666874874483842,0.5560438654187055,0.5847220099029725
recorded_obs-0629-01,119,True,3.0,0.1576133953373097,0.09804391130510991,0.7423354052402822,0.7689445808932529,server_jpeg_bgr_q90,0.18516940519203695,0.6675483105640232,0.7386450602670455,0.07478709467625899,-0.08712549388692704,0.5099349152267135,0.5847220099029725
recorded_obs-0629-01,134,True,3.0,0.4443086715533535,0.5693452081743209,0.9340652419090946,0.9470544327281007,saved_rgb,0.4423150326369464,0.27571304448718364,0.6236624263336978,0.6583521974219109,0.1270301755373745,-0.16859562706616987,0.48975657035574105
recorded_obs-0629-01,134,True,3.0,0.4443086715533535,0.5693452081743209,0.9340652419090946,0.9470544327281007,server_jpeg_bgr_q90,0.4437089604569627,0.33610949951921854,0.6811438555272089,0.597955742389876,0.1256362477173582,-0.10819917203413498,0.48975657035574105
recorded_obs-0629-01,136,True,3.0,0.4597378665824849,0.6116347162803958,-0.06123083009992554,0.6260000127152949,saved_rgb,0.4580753717053881,-0.019785030808483085,0.5173203840812318,-0.04144579929144246,0.1535593445750077,-0.479522897390968,-0.5209686966824104
recorded_obs-0629-01,136,True,3.0,0.4597378665824849,0.6116347162803958,-0.06123083009992554,0.6260000127152949,server_jpeg_bgr_q90,0.4602189038064533,0.008761998188216833,0.525643238731797,-0.06999282828814238,0.15141581247394248,-0.45097586839426806,-0.5209686966824104
recorded_obs-0629-01,151,True,3.0,0.45630274731149434,0.3496437927895384,0.8421862455016742,0.9169552392211943,saved_rgb,0.46325711105110196,0.8328326921890404,0.8570808412256575,0.009353553312633767,-0.11361331826156357,0.3765299448775461,0.38588349819017986
recorded_obs-0629-01,151,True,3.0,0.45630274731149434,0.3496437927895384,0.8421862455016742,0.9169552392211943,server_jpeg_bgr_q90,0.46508513440863686,0.7658572764885597,0.860821668828678,0.07632896901311448,-0.11544134161909847,0.3095545291770654,0.38588349819017986
recorded_obs-0629-01,153,True,3.0,0.44399400131658134,0.2978854653452601,0.8225414723894571,0.8443385210620654,saved_rgb,0.44270268638621807,0.7722528750252097,0.8097335421511186,0.0502885973642474,-0.14481722104095796,0.32825887370862833,0.37854747107287573
recorded_obs-0629-01,153,True,3.0,0.44399400131658134,0.2978854653452601,0.8225414723894571,0.8443385210620654,server_jpeg_bgr_q90,0.44286365449892057,0.7160506985302231,0.8207387136130178,0.106490773859234,-0.14497818915366045,0.27205669721364173,0.37854747107287573
recorded_obs-0629-01,168,True,3.0,0.5719545976351804,0.5410730707799628,0.23108609013662726,0.7914405071704869,<not_replayed>,,,,,,,
recorded_obs-0629-01,170,True,3.0,0.646420144406735,0.5452606700819113,0.07900406301213854,0.6242515471852254,<not_replayed>,,,,,,,
recorded_obs-0629-01,185,True,3.0,0.5461764124923258,0.46446473220086215,0.012053514630389027,0.46446473220086215,<not_replayed>,,,,,,,
recorded_obs-0629-01,187,True,3.0,0.5071144103623515,0.3929808734876162,-0.0016924140685246217,0.3929808734876162,<not_replayed>,,,,,,,
recorded_obs-0629-01,202,True,3.0,0.21360657898497998,0.20461773694283802,-0.05082437479916337,0.20461773694283802,<not_replayed>,,,,,,,
recorded_obs-0629-01,204,True,3.0,0.18498046180497027,0.14994597696341164,0.012561999507514946,0.14994597696341164,<not_replayed>,,,,,,,
recorded_obs-0629-01,206,True,3.0,0.14642614737780216,0.09394305568886667,0.25720185393327544,0.258713135209314,<not_replayed>,,,,,,,
recorded_obs-0629-01,221,True,3.0,0.07447648343938226,0.07745822452485583,0.08149096308960195,0.2730487284752179,<not_replayed>,,,,,,,
recorded_obs-0629-01,236,True,3.0,0.1554824381404615,0.12570206622867766,0.35326704446719603,0.38697184203129603,<not_replayed>,,,,,,,
recorded_obs-0629-01,238,True,3.0,0.15266815474202117,0.11465710837934232,0.7989508704566529,0.8331794481797694,saved_rgb,0.18366716387111603,0.7450331164747948,0.7704404822626143,0.05391775398185816,-0.06901005549177372,0.5923649617327735,0.6462827157146318
recorded_obs-0629-01,238,True,3.0,0.15266815474202117,0.11465710837934232,0.7989508704566529,0.8331794481797694,server_jpeg_bgr_q90,0.17527494840958505,0.5962040478201023,0.7187333156347774,0.20274682263655064,-0.06061784003024273,0.4435358930780811,0.6462827157146318
recorded_obs-0629-01,253,True,3.0,0.4447934338100025,0.5456282110161577,0.2988035579211726,0.7029179364889989,saved_rgb,0.44126836223210997,0.49718889265088395,0.7407705111323168,-0.19838533472971137,0.10435984878404769,0.052395458840881426,-0.14598987588882995
recorded_obs-0629-01,253,True,3.0,0.4447934338100025,0.5456282110161577,0.2988035579211726,0.7029179364889989,server_jpeg_bgr_q90,0.44587579649230014,0.5338593529871811,0.7829255212728923,-0.23505579506600854,0.09975241452385752,0.0890659191771786,-0.14598987588882995
recorded_obs-0629-01,255,True,3.0,0.4764682655636741,0.6106653826563196,0.8127808473798319,0.9314187277658221,saved_rgb,0.47333748795794656,0.7059814518962952,0.860776432463371,0.10679939548353667,0.1373278946983731,0.22951318633262113,0.3363125818161578
recorded_obs-0629-01,255,True,3.0,0.4764682655636741,0.6106653826563196,0.8127808473798319,0.9314187277658221,server_jpeg_bgr_q90,0.4837802310959634,0.7882079972617092,0.9114788959849198,0.024572850118122713,0.12688515156035624,0.3117397316980351,0.3363125818161578
recorded_obs-0629-01,257,True,3.0,0.507114780127612,0.6517218927103374,0.8507268704528496,0.9280210378415862,saved_rgb,0.5048608143810942,0.47943537134355585,0.7910802379438169,0.3712914991092937,0.14686107832924322,-0.02767940878405617,0.34361209032523754
recorded_obs-0629-01,257,True,3.0,0.507114780127612,0.6517218927103374,0.8507268704528496,0.9280210378415862,server_jpeg_bgr_q90,0.5088042233032762,0.5109227503784902,0.8323770445006284,0.33980412007435934,0.1429176694070612,0.003807970250878201,0.34361209032523754
recorded_obs-0629-01,272,True,3.0,0.8290708715946437,0.826519668755093,0.562407603945742,0.8983740087772673,saved_rgb,0.8280735045224995,0.6449962719449146,0.9214815715661157,-0.08258866799917264,-0.0015538357674065306,-0.18407459964972905,-0.2666632676489017
recorded_obs-0629-01,272,True,3.0,0.8290708715946437,0.826519668755093,0.562407603945742,0.8983740087772673,server_jpeg_bgr_q90,0.8308681025388565,0.6703414880006197,0.942901638040013,-0.1079338840548777,-0.0043484337837634834,-0.158729383594024,-0.2666632676489017
recorded_obs-0629-01,274,True,3.0,0.8370770290171939,0.8522380104540043,0.5424240921734833,0.8650235705396575,saved_rgb,0.8334346609236294,0.6947540618217329,0.8855347243487163,-0.15232996964824963,0.01880334953037488,-0.142322967195461,-0.29465293684371063
recorded_obs-0629-01,274,True,3.0,0.8370770290171939,0.8522380104540043,0.5424240921734833,0.8650235705396575,server_jpeg_bgr_q90,0.8335291889977295,0.6620533344247975,0.8933290219767963,-0.11962924225131422,0.018708821456274727,-0.17502369459239642,-0.29465293684371063
recorded_obs-0629-01,289,True,3.0,0.8728991479337753,0.8588297003481195,0.8473818507028595,0.9329894192469079,saved_rgb,0.8730843998630045,0.7492033294499253,0.9203363049602153,0.09817852125293425,-0.014254699514885005,-0.12369581848385003,-0.02551729723091578
recorded_obs-0629-01,289,True,3.0,0.8728991479337753,0.8588297003481195,0.8473818507028595,0.9329894192469079,server_jpeg_bgr_q90,0.8750370558467605,0.7619201942937348,0.9296955291835314,0.08546165640912473,-0.016207355498641052,-0.11097895364004051,-0.02551729723091578
recorded_obs-0629-01,291,True,3.0,0.8599732637189181,0.8463992650510169,0.8028868498825092,0.9525581264671048,saved_rgb,0.8608289254005248,0.7976178561361292,0.9282992756054979,0.005268993746380013,-0.014429660349507878,-0.0623554075827889,-0.05708641383640889
recorded_obs-0629-01,291,True,3.0,0.8599732637189181,0.8463992650510169,0.8028868498825092,0.9525581264671048,server_jpeg_bgr_q90,0.8622055232003945,0.8010081951582085,0.9373628365161174,0.0018786547243007101,-0.015806258149377528,-0.0589650685607096,-0.05708641383640889
recorded_obs-0629-01,306,True,3.0,0.8193020241130448,0.8090032516782417,0.9139417558736653,0.9755528765824281,saved_rgb,0.8352650126181809,0.8258374104256919,0.957521316876476,0.08810434544797341,-0.02626176093993915,0.006535386312647162,0.09463973176062057
recorded_obs-0629-01,306,True,3.0,0.8193020241130448,0.8090032516782417,0.9139417558736653,0.9755528765824281,server_jpeg_bgr_q90,0.8364224494248328,0.7781848331198701,0.9487621502405854,0.13575692275379525,-0.027419197746591073,-0.04111719099317468,0.09463973176062057
recorded_obs-0629-01,308,True,3.0,0.8362594589642434,0.8166079528907334,0.5553820448504457,0.9267831098271805,saved_rgb,0.8447666895547512,0.8267349259724851,0.9454211061376002,-0.27135288112203937,-0.028158736664017803,-0.009524532991758261,-0.28087741411379763
recorded_obs-0629-01,308,True,3.0,0.8362594589642434,0.8166079528907334,0.5553820448504457,0.9267831098271805,server_jpeg_bgr_q90,0.8479970091777776,0.8276749666673243,0.9631109851555815,-0.2722929218168786,-0.03138905628704425,-0.008584492296919044,-0.28087741411379763
recorded_obs-0629-01,323,True,3.0,0.8702196153801843,0.8427795317740553,0.8221115158071604,0.9406952199842519,saved_rgb,0.8715350975047522,0.8714816891761586,0.9532484039674338,-0.049370173368998294,-0.02875556573069693,0.0012620737959743167,-0.04810809957302398
recorded_obs-0629-01,323,True,3.0,0.8702196153801843,0.8427795317740553,0.8221115158071604,0.9406952199842519,server_jpeg_bgr_q90,0.8728810621733857,0.8878305983353665,0.9603075347176337,-0.06571908252820613,-0.03010153039933039,0.017610982955182153,-0.04810809957302398
recorded_obs-0629-01,325,True,3.0,0.883508978846213,0.914023627681633,0.868690069350587,0.9448899741709418,saved_rgb,0.8864444617221524,0.723365930916432,0.9215061468120785,0.14532413843415504,0.027579165959480623,-0.16014304792978107,-0.014818909495626031
recorded_obs-0629-01,325,True,3.0,0.883508978846213,0.914023627681633,0.868690069350587,0.9448899741709418,server_jpeg_bgr_q90,0.8868277425909625,0.7320486957369191,0.9317411766713681,0.1366413736136679,0.027195885090670502,-0.15146028310929394,-0.014818909495626031
recorded_obs-0629-02,0,True,2.0,0.0,-0.014340986294063643,0.013317549893887032,0.05168840310981955,saved_rgb,-0.002517938946432113,0.0305400127671501,0.14881527607950046,-0.017222462873263067,-0.011823047347631531,0.0305400127671501,0.013317549893887032
recorded_obs-0629-02,0,True,2.0,0.0,-0.014340986294063643,0.013317549893887032,0.05168840310981955,server_jpeg_bgr_q90,-0.0018871571512576752,0.042044499710955044,0.18541303207466778,-0.028726949817068012,-0.012453829142805968,0.042044499710955044,0.013317549893887032
recorded_obs-0629-02,16,True,3.0,0.0005203654963712876,0.013047543518961759,0.18796624558986294,0.18796624558986294,<not_replayed>,,,,,,,
recorded_obs-0629-02,18,True,3.0,0.005263647944067662,0.026710212118144477,0.009472231681635645,0.11558239058117124,<not_replayed>,,,,,,,
recorded_obs-0629-02,33,True,3.0,0.04403256651476721,0.012087751050226232,0.030572882842440526,0.261964923002511,<not_replayed>,,,,,,,
recorded_obs-0629-02,35,True,3.0,0.0687977204699856,0.11164511282082629,0.12921131294396396,0.448877174774509,<not_replayed>,,,,,,,
recorded_obs-0629-02,50,True,3.0,0.3058883381256314,0.42484681500175914,0.6610656360379231,0.7382491454068792,saved_rgb,0.3197750238136905,0.8600912339211584,0.8753656196735269,-0.19902559788323526,0.10507179118806864,0.554202895795527,0.35517729791229175
recorded_obs-0629-02,50,True,3.0,0.3058883381256314,0.42484681500175914,0.6610656360379231,0.7382491454068792,server_jpeg_bgr_q90,0.31913519708853916,0.8874562486385924,0.8991197749425212,-0.22639061260066928,0.10571161791321998,0.581567910512961,0.35517729791229175
recorded_obs-0629-02,52,True,3.0,0.29996007034702427,0.3955917484506421,0.9509396190127309,0.9619122462034918,saved_rgb,0.30796003956879325,0.8471897409280738,0.8611313867014626,0.10374987808465719,0.08763170888184885,0.5472296705810495,0.6509795486657066
recorded_obs-0629-02,52,True,3.0,0.29996007034702427,0.3955917484506421,0.9509396190127309,0.9619122462034918,server_jpeg_bgr_q90,0.3069328610455969,0.8651953853978069,0.8761647698544011,0.085744233614924,0.08865888740504518,0.5652353150507827,0.6509795486657066
recorded_obs-0629-02,67,True,3.0,0.6620120687208847,0.672891825330649,0.3473576895566665,0.9077741764179725,<not_replayed>,,,,,,,
recorded_obs-0629-02,69,True,3.0,0.7329612092291372,0.7618858058760365,0.3193630533475003,0.8267277688673212,<not_replayed>,,,,,,,
recorded_obs-0629-02,84,True,3.0,0.8250771130871825,0.7663696360433155,0.8225511830934487,0.9022510580364574,saved_rgb,0.8445850543122301,0.6388833664831819,0.9068711416185117,0.18366781661026677,-0.07821541826891454,-0.18619374660400057,-0.0025259299937338
recorded_obs-0629-02,84,True,3.0,0.8250771130871825,0.7663696360433155,0.8225511830934487,0.9022510580364574,server_jpeg_bgr_q90,0.8452392056353963,0.6134385701335139,0.9143751740557249,0.20911261295993477,-0.0788695695920808,-0.21163854295366857,-0.0025259299937338
recorded_obs-0629-02,86,True,3.0,0.8379419256364874,0.7848285072431561,0.4546759987645077,0.8599716716322705,saved_rgb,0.8463971158233248,0.6005896638974916,0.8879774735441346,-0.14591366513298387,-0.06156860858016866,-0.23735226173899582,-0.3832659268719797
recorded_obs-0629-02,86,True,3.0,0.8379419256364874,0.7848285072431561,0.4546759987645077,0.8599716716322705,server_jpeg_bgr_q90,0.8464277938307205,0.6068854263042036,0.9012554635861582,-0.1522094275396959,-0.06159928658756442,-0.23105649933228378,-0.3832659268719797
recorded_obs-0629-02,101,True,3.0,0.829137321283978,0.8518684123522743,0.9128549549780988,0.9515084458389392,saved_rgb,0.8500691676265518,0.7525792126355472,0.9130479770191562,0.1602757423425516,0.0017992447257224597,-0.07655810864843082,0.08371763369412077
recorded_obs-0629-02,101,True,3.0,0.829137321283978,0.8518684123522743,0.9128549549780988,0.9515084458389392,server_jpeg_bgr_q90,0.8512971568942209,0.7811795313223527,0.924607213116371,0.13167542365574603,0.0005712554580533658,-0.04795778996162525,0.08371763369412077
recorded_obs-0629-02,103,True,3.0,0.8364970751014296,0.8464189755109264,0.7523897735398748,0.9543800771505313,saved_rgb,0.8545508679201074,0.6669150272369067,0.8934471495706953,0.08547474630296814,-0.008131892409180996,-0.1695820478645229,-0.08410730156155477
recorded_obs-0629-02,103,True,3.0,0.8364970751014296,0.8464189755109264,0.7523897735398748,0.9543800771505313,server_jpeg_bgr_q90,0.8570729178278509,0.6768623091465651,0.9119438884374708,0.0755274643933097,-0.010653942316924514,-0.15963476595486448,-0.08410730156155477
recorded_obs-0629-02,118,True,3.0,0.839575364062555,0.8439441397611235,0.71722956585019,0.9654912449782521,saved_rgb,0.8520009991164159,0.674619005127875,0.9364781536994735,0.04261056072231506,-0.008056859355292434,-0.16495635893467997,-0.12234579821236491
recorded_obs-0629-02,118,True,3.0,0.839575364062555,0.8439441397611235,0.71722956585019,0.9654912449782521,server_jpeg_bgr_q90,0.8531368415098181,0.6687299478960496,0.9441027142362748,0.048499617954140484,-0.009192701748694576,-0.1708454161665054,-0.12234579821236491
recorded_obs-0629-02,120,True,3.0,0.8640264523567613,0.8809385526720017,0.44882059628335386,0.9421227938874513,saved_rgb,0.8714637092338329,0.7665731981129288,0.9469556298641624,-0.31775260182957493,0.009474843438168845,-0.09745325424383255,-0.4152058560734075
recorded_obs-0629-02,120,True,3.0,0.8640264523567613,0.8809385526720017,0.44882059628335386,0.9421227938874513,server_jpeg_bgr_q90,0.8692987326368057,0.7099856512583124,0.9424773135192789,-0.2611650549749585,0.011639820035196036,-0.15404080109844898,-0.4152058560734075
recorded_obs-0629-02,135,True,3.0,0.9139146317769091,0.9422513876023584,0.8378002617999344,0.9807181998746861,saved_rgb,0.9253004647907227,0.8063981815899635,0.9561860138863654,0.03140208020997093,0.016950922811635682,-0.10751645018694567,-0.07611436997697474
recorded_obs-0629-02,135,True,3.0,0.9139146317769091,0.9422513876023584,0.8378002617999344,0.9807181998746861,server_jpeg_bgr_q90,0.928733818772846,0.8281977541789246,0.9652758044108781,0.009602507621009782,0.013517568829512383,-0.08571687759798452,-0.07611436997697474
recorded_obs-0629-02,137,True,3.0,0.9136436294925844,0.9028036337019321,0.7256151461452799,0.984103267944017,saved_rgb,0.9284742417599346,0.8420608300746958,0.9621100975926711,-0.1164456839294159,-0.025670608058002586,-0.07158279941788859,-0.1880284833473045
recorded_obs-0629-02,137,True,3.0,0.9136436294925844,0.9028036337019321,0.7256151461452799,0.984103267944017,server_jpeg_bgr_q90,0.9267612658232792,0.8197028847720945,0.9593911898793058,-0.09408773862681463,-0.02395763212134716,-0.09394074472048985,-0.1880284833473045
recorded_obs-0629-02,152,True,3.0,0.8991837232097569,0.9224478190760261,0.8475876100374481,0.9258135024931563,saved_rgb,0.9179148158346413,0.7738964472305885,0.9495077759415518,0.07369116280685961,0.0045330032413848365,-0.12528727597916844,-0.05159611317230883
recorded_obs-0629-02,152,True,3.0,0.8991837232097569,0.9224478190760261,0.8475876100374481,0.9258135024931563,server_jpeg_bgr_q90,0.919897465311656,0.7910026198175416,0.9552936172342686,0.056584990219906484,0.0025503537643701835,-0.10818110339221532,-0.05159611317230883
recorded_obs-0629-02,154,True,3.0,0.9193797044040576,0.9240447373292028,0.7790236288624288,0.9372502910700761,saved_rgb,0.9255602932121615,0.8144744803909936,0.9584654704152591,-0.03545085152856475,-0.001515555882958708,-0.10490522401306401,-0.14035607554162877
recorded_obs-0629-02,154,True,3.0,0.9193797044040576,0.9240447373292028,0.7790236288624288,0.9372502910700761,server_jpeg_bgr_q90,0.9260747712966777,0.8089316572427288,0.961440790432291,-0.029908028380299934,-0.00203003396747492,-0.11044804716132883,-0.14035607554162877
recorded_obs-0629-02,169,True,3.0,0.8774592191819796,0.8897891527258182,0.5490424466948676,0.9266964790261075,saved_rgb,0.8818725450147802,0.5778366570347255,0.8982845892484569,-0.028794210339857962,0.00791660771103797,-0.299622562147254,-0.328416772487112
recorded_obs-0629-02,169,True,3.0,0.8774592191819796,0.8897891527258182,0.5490424466948676,0.9266964790261075,server_jpeg_bgr_q90,0.8815555386126702,0.5559962059671856,0.9004739398429461,-0.006953759272318005,0.008233614113147936,-0.321463013214794,-0.328416772487112
recorded_obs-0629-02,171,True,3.0,0.8948945575101906,0.9021933877315871,0.607512541012989,0.9187211995664913,saved_rgb,0.8989929172011152,0.6223546718719563,0.917288480076843,-0.01484213085896724,0.0032004705304718994,-0.2725398856382344,-0.28738201649720163
recorded_obs-0629-02,171,True,3.0,0.8948945575101906,0.9021933877315871,0.607512541012989,0.9187211995664913,server_jpeg_bgr_q90,0.8996060520525793,0.6093165634379709,0.9180381825782327,-0.0018040224249818992,0.0025873356790078184,-0.28557799407221973,-0.28738201649720163
recorded_obs-0629-02,186,True,3.0,0.8340695137744885,0.839124028542292,0.7666192073453966,0.9711148024896725,saved_rgb,0.8463038955935855,0.5807650998431002,0.9363404906967373,0.18585410750229636,-0.007179867051293587,-0.25330441393138825,-0.06745030642909189
recorded_obs-0629-02,186,True,3.0,0.8340695137744885,0.839124028542292,0.7666192073453966,0.9711148024896725,server_jpeg_bgr_q90,0.845908487872539,0.5313166182896498,0.9413163210321367,0.23530258905574675,-0.006784459330247072,-0.30275289548483864,-0.06745030642909189
recorded_obs-0629-02,188,True,3.0,0.8350098545774947,0.8342492008497664,0.6908578765492476,1.016223202964122,saved_rgb,0.8499480820241349,0.6640953171078763,0.9561022304304121,0.026762559441371292,-0.015698881174368462,-0.17091453746961838,-0.14415197802824709
recorded_obs-0629-02,188,True,3.0,0.8350098545774947,0.8342492008497664,0.6908578765492476,1.016223202964122,server_jpeg_bgr_q90,0.8549648619993503,0.6499138058906758,0.9638529939314486,0.04094407065857175,-0.020715661149583897,-0.18509604868681884,-0.14415197802824709
recorded_obs-0629-02,203,True,3.0,0.9116412653184621,0.9687285925743102,0.5550753849680337,0.975570775903649,saved_rgb,0.9110641481124706,0.6006930157527103,0.9502304412743501,-0.04561763078467662,0.057664444461839603,-0.31094824956575184,-0.35656588035042847
recorded_obs-0629-02,203,True,3.0,0.9116412653184621,0.9687285925743102,0.5550753849680337,0.975570775903649,server_jpeg_bgr_q90,0.9093031148177486,0.5807074357754392,0.950299751999002,-0.025632050807405493,0.059425477756561595,-0.330933829543023,-0.35656588035042847
recorded_obs-0629-02,205,True,3.0,0.9279366697985146,0.9441027922412222,0.750125716723801,0.9600123876372342,saved_rgb,0.9292571395055267,0.7541733821951343,0.9759977506241757,-0.004047665471333284,0.014845652735695491,-0.17376328760338033,-0.17781095307471362
recorded_obs-0629-02,205,True,3.0,0.9279366697985146,0.9441027922412222,0.750125716723801,0.9600123876372342,server_jpeg_bgr_q90,0.9310303560115104,0.7554887390779841,0.9756129997261154,-0.005363022354183067,0.01307243622971177,-0.17244793072053055,-0.17781095307471362
recorded_obs-0629-02,220,True,3.0,0.8972647797530326,0.9076941147770997,0.6938515678255267,0.9338054145733801,saved_rgb,0.8992108127636653,0.6045579633470461,0.9399931683970362,0.08929360447848056,0.00848330201343439,-0.2927068164059865,-0.20341321192750594
recorded_obs-0629-02,220,True,3.0,0.8972647797530326,0.9076941147770997,0.6938515678255267,0.9338054145733801,server_jpeg_bgr_q90,0.9008327887650921,0.6225824427026585,0.9444943360347059,0.0712691251228682,0.006861326012007618,-0.27468233705037415,-0.20341321192750594
recorded_obs-0629-02,222,True,3.0,0.886436567932229,0.8937356423086654,0.634289897282902,0.9135212435781946,saved_rgb,0.8947109502481634,0.5523159331595162,0.9395908641479285,0.08197396412338576,-0.0009753079394979602,-0.3341206347727128,-0.25214667064932705
recorded_obs-0629-02,222,True,3.0,0.886436567932229,0.8937356423086654,0.634289897282902,0.9135212435781946,server_jpeg_bgr_q90,0.896874931216279,0.5533421988792888,0.9442730636033927,0.08094769840361316,-0.0031392889076136132,-0.3330943690529402,-0.25214667064932705
recorded_obs-0629-nonrtc,0,False,,0.0,-0.005942348428870669,0.1337412123293121,0.22213088825628965,saved_rgb,0.004863376435139512,0.14018706240040255,0.24673825608492597,-0.006445850071090442,-0.010805724864010182,0.14018706240040255,0.1337412123293121
recorded_obs-0629-nonrtc,0,False,,0.0,-0.005942348428870669,0.1337412123293121,0.22213088825628965,server_jpeg_bgr_q90,0.006643144052014061,0.12958601387189203,0.2577363900816983,0.004155198457420073,-0.01258549248088473,0.12958601387189203,0.1337412123293121
recorded_obs-0629-nonrtc,17,False,,0.20614763615740078,0.21489602039336392,0.7762031567857473,0.8017618044625008,saved_rgb,0.18541855887195763,0.7015902760390479,0.7023280860295762,0.07461288074669936,0.02947746152140629,0.4954426398816471,0.5700555206283464
recorded_obs-0629-nonrtc,17,False,,0.20614763615740078,0.21489602039336392,0.7762031567857473,0.8017618044625008,server_jpeg_bgr_q90,0.18644816232958855,0.630398799975336,0.6362997106025705,0.14580435681041126,0.028447858063775366,0.4242511638179352,0.5700555206283464
recorded_obs-0629-nonrtc,19,False,,0.17053824309607532,0.14701526329689854,0.6599918534907532,0.6599918534907532,saved_rgb,0.1536781491828036,0.5107494303011424,0.5201922212776153,0.14924242318961078,-0.006662885885905051,0.34021118720506704,0.48945361039467783
recorded_obs-0629-nonrtc,19,False,,0.17053824309607532,0.14701526329689854,0.6599918534907532,0.6599918534907532,server_jpeg_bgr_q90,0.1566601630042385,0.5016796312868181,0.515319119762999,0.15831222220393504,-0.009644899707339949,0.3311413881907428,0.48945361039467783
recorded_obs-0629-nonrtc,36,False,,0.1682719234075056,0.1415029744016199,0.3400919835019328,0.5594725391166644,<not_replayed>,,,,,,,
recorded_obs-0629-nonrtc,38,False,,0.22385009136982234,0.2945128689681383,0.8289808858318855,0.8289808858318855,saved_rgb,0.23165433761136311,0.8458045323988828,0.8467019244883494,-0.016823646566997308,0.06285853135677516,0.6219544410290604,0.6051307944620631
recorded_obs-0629-nonrtc,38,False,,0.22385009136982234,0.2945128689681383,0.8289808858318855,0.8289808858318855,server_jpeg_bgr_q90,0.2336443002615171,0.8357397020599617,0.8371769200515878,-0.006758816228076281,0.06086856870662116,0.6118896106901394,0.6051307944620631
recorded_obs-0629-nonrtc,55,False,,0.5475861509143433,0.5934819405221704,0.7581061474936425,0.8876467467724751,<not_replayed>,,,,,,,
recorded_obs-0629-nonrtc,57,False,,0.5957862876653489,0.6442381395895577,0.8519406493075428,0.8781600154905204,saved_rgb,0.6344899400472812,0.6845047115500404,0.8895434571745382,0.16743593775750232,0.009748199542276459,0.08871842388469153,0.25615436164219385
recorded_obs-0629-nonrtc,57,False,,0.5957862876653489,0.6442381395895577,0.8519406493075428,0.8781600154905204,server_jpeg_bgr_q90,0.632603391797619,0.6461698304443492,0.8881321344256425,0.2057708188631936,0.011634747791938627,0.05038354277900026,0.25615436164219385
recorded_obs-0629-nonrtc,74,False,,0.7598898576949129,0.7997585361171817,0.7277664039671904,1.0068588131599727,saved_rgb,0.7931545415731489,0.6529096239472398,0.9581892537948657,0.07485678001995055,0.006603994544032821,-0.10698023374767307,-0.03212345372772252
recorded_obs-0629-nonrtc,74,False,,0.7598898576949129,0.7997585361171817,0.7277664039671904,1.0068588131599727,server_jpeg_bgr_q90,0.788927217895859,0.6057705009360002,0.9467335863485523,0.12199590303119023,0.010831318221322772,-0.15411935675891275,-0.03212345372772252
recorded_obs-0629-nonrtc,76,False,,0.7382348984189078,0.7660062686843659,0.6911118887236963,0.9497846217693137,<not_replayed>,,,,,,,
recorded_obs-0629-nonrtc,93,False,,0.8827913643964939,0.8618901103195993,0.752151790566364,0.9269498160645804,saved_rgb,0.887071825650094,0.6221836410036701,0.9042327264040786,0.12996814956269398,-0.025181715330494736,-0.2606077233928238,-0.1306395738301298
recorded_obs-0629-nonrtc,93,False,,0.8827913643964939,0.8618901103195993,0.752151790566364,0.9269498160645804,server_jpeg_bgr_q90,0.8862058437890461,0.5742303429193927,0.9051045453735689,0.17792144764697138,-0.02431573346944682,-0.3085610214771012,-0.1306395738301298
recorded_obs-0629-nonrtc,95,False,,0.9109585817799516,0.9100611235221137,0.6763285536420625,0.9563058507061212,saved_rgb,0.9079517408263292,0.7801709763468331,0.9334731241090559,-0.10384242270477062,0.002109382695784423,-0.13078760543311851,-0.23463002813788914
recorded_obs-0629-nonrtc,95,False,,0.9109585817799516,0.9100611235221137,0.6763285536420625,0.9563058507061212,server_jpeg_bgr_q90,0.9093824963909019,0.7425616761161802,0.935735746196988,-0.06623312247411772,0.0006786271312118064,-0.1683969056637714,-0.23463002813788914
recorded_obs-0629-nonrtc,112,False,,0.8697232058560765,0.8863233705583486,0.5699886883924091,0.9133181200880125,saved_rgb,0.8783895487683655,0.6353804874123913,0.8957718382806922,-0.06539179901998216,0.007933821789983142,-0.23434271844368526,-0.2997345174636674
recorded_obs-0629-nonrtc,112,False,,0.8697232058560765,0.8863233705583486,0.5699886883924091,0.9133181200880125,server_jpeg_bgr_q90,0.8778654967166929,0.6613623580200383,0.9003496158466161,-0.09137366962762916,0.00845787384165575,-0.20836084783603825,-0.2997345174636674
recorded_obs-0629-nonrtc,114,False,,0.8817253088885694,0.8887494788814874,0.8349071442953194,0.8991500913009712,saved_rgb,0.891446043148246,0.713666794549866,0.9164614133736201,0.12124034974545339,-0.002696564266758683,-0.16805851433870334,-0.046818164593249945
recorded_obs-0629-nonrtc,114,False,,0.8817253088885694,0.8887494788814874,0.8349071442953194,0.8991500913009712,server_jpeg_bgr_q90,0.8916970509396057,0.7223063482722093,0.9195278098012432,0.11260079602311013,-0.002947572058118353,-0.15941896061636007,-0.046818164593249945
recorded_obs-0629-nonrtc,131,False,,0.8252742800360342,0.8328419938367762,0.6639402450331551,0.908533157892592,saved_rgb,0.8338192044224163,0.5877085457464937,0.8681214851128802,0.0762316992866614,-0.0009772105856401536,-0.23756573428954053,-0.16133403500287913
recorded_obs-0629-nonrtc,131,False,,0.8252742800360342,0.8328419938367762,0.6639402450331551,0.908533157892592,server_jpeg_bgr_q90,0.8345969199140543,0.5779048065073413,0.8713475417666039,0.08603543852581375,-0.0017549260772781183,-0.24736947352869287,-0.16133403500287913
recorded_obs-0629-nonrtc,148,False,,0.802149313868991,0.8665876960515637,0.8579680965652144,0.9558542634811207,saved_rgb,0.8238082281119727,0.8355936288878555,0.9688447992674153,0.022374467677358956,0.042779467939590976,0.03344431501886447,0.055818782696223423
recorded_obs-0629-nonrtc,148,False,,0.802149313868991,0.8665876960515637,0.8579680965652144,0.9558542634811207,server_jpeg_bgr_q90,0.8266216361028846,0.8023043482231234,0.9767416446240343,0.05566374834209109,0.03996605994867908,0.0001550343541323329,0.055818782696223423
recorded_obs-0629-nonrtc,150,False,,0.8557599123378069,0.8873275650322942,0.9076911048533662,0.9538291668418686,saved_rgb,0.8577570471303417,0.809739696761387,0.9645846519989922,0.09795140809197922,0.02957051790195242,-0.04602021557641989,0.05193119251555933
recorded_obs-0629-nonrtc,150,False,,0.8557599123378069,0.8873275650322942,0.9076911048533662,0.9538291668418686,server_jpeg_bgr_q90,0.8567184671813356,0.792179013370043,0.9662941074871452,0.1155120914833232,0.030609097850958555,-0.06358089896776387,0.05193119251555933
recorded_obs-0629-nonrtc,167,False,,0.8825127619531514,0.8961784930760834,0.8667824430193515,0.9149506661481175,saved_rgb,0.8876768461375393,0.748962732492805,0.924933178279731,0.1178197105265465,0.00850164693854416,-0.13355002946034644,-0.015730318933799947
recorded_obs-0629-nonrtc,167,False,,0.8825127619531514,0.8961784930760834,0.8667824430193515,0.9149506661481175,server_jpeg_bgr_q90,0.8890412025637902,0.7845823549182003,0.9350269867648159,0.0822000881011512,0.007137290512293282,-0.09793040703495115,-0.015730318933799947
recorded_obs-0629-nonrtc,169,False,,0.9118225304978208,0.9188939498821561,0.8645863412475817,0.9490074712872693,saved_rgb,0.9093063792033542,0.8007148300356984,0.9370731541862554,0.06387151121188328,0.009587570678801893,-0.11110770046212237,-0.04723618925023909
recorded_obs-0629-nonrtc,169,False,,0.9118225304978208,0.9188939498821561,0.8645863412475817,0.9490074712872693,server_jpeg_bgr_q90,0.9132663901497512,0.8494787762299791,0.9579678589385011,0.015107565017602576,0.005627559732404919,-0.06234375426784167,-0.04723618925023909
recorded_obs-0629-nonrtc,186,False,,0.9272147217462414,0.949828406674803,0.8742914982083396,0.9677112115823553,saved_rgb,0.9324618227834189,0.8767218071691623,0.9716890163126694,-0.002430308960822636,0.017366583891384013,-0.05049291457707916,-0.0529232235379018
recorded_obs-0629-nonrtc,186,False,,0.9272147217462414,0.949828406674803,0.8742914982083396,0.9677112115823553,server_jpeg_bgr_q90,0.9337916506138473,0.8828105604821316,0.9783262294829436,-0.008519062273791955,0.01603675606095567,-0.04440416126410984,-0.0529232235379018
recorded_obs-0629-nonrtc,203,False,,0.9005777574378805,0.9301629341395081,0.86105102239211,0.9360933346845002,saved_rgb,0.9028047215977679,0.7863190954443581,0.9324703685769921,0.07473192694775188,0.0273582125417402,-0.11425866199352241,-0.039526735045770534
recorded_obs-0629-nonrtc,203,False,,0.9005777574378805,0.9301629341395081,0.86105102239211,0.9360933346845002,server_jpeg_bgr_q90,0.9029605487269026,0.7990765325231548,0.9360916704740097,0.06197448986895515,0.027202385412605556,-0.10150122491472569,-0.039526735045770534
recorded_obs-0629-nonrtc,205,False,,0.8974789772413436,0.8999750357432816,0.7849915108193564,0.9029355286529603,saved_rgb,0.8942414045392649,0.7023722288631604,0.9123030541317222,0.08261928195619594,0.005733631204016709,-0.1951067483781832,-0.11248746642198726
recorded_obs-0629-nonrtc,205,False,,0.8974789772413436,0.8999750357432816,0.7849915108193564,0.9029355286529603,server_jpeg_bgr_q90,0.8951854227399648,0.7080841856993865,0.9146186848716322,0.0769073251199699,0.004789613003316817,-0.18939479154195715,-0.11248746642198726
recorded_obs-0629-rtc2,0,True,7.0,0.0,0.005247266861216681,0.0998349807464457,0.2758634649469954,saved_rgb,0.00599653111840124,0.16917534391917993,0.2865815851164565,-0.06934036317273423,-0.0007492642571845587,0.16917534391917993,0.0998349807464457
recorded_obs-0629-rtc2,0,True,7.0,0.0,0.005247266861216681,0.0998349807464457,0.2758634649469954,server_jpeg_bgr_q90,0.007047853059979141,0.12028033629237853,0.2568491747684043,-0.020445355545932825,-0.0018005861987624603,0.12028033629237853,0.0998349807464457
recorded_obs-0629-rtc2,0,True,3.0,0.0,0.10270686773871908,0.1288436063343985,0.3202752789543583,saved_rgb,0.00599653111840124,0.16917534391917993,0.2865815851164565,-0.040331737584781424,0.09671033662031783,0.16917534391917993,0.1288436063343985
recorded_obs-0629-rtc2,0,True,3.0,0.0,0.10270686773871908,0.1288436063343985,0.3202752789543583,server_jpeg_bgr_q90,0.007047853059979141,0.12028033629237853,0.2568491747684043,0.008563270042019983,0.09565901467873994,0.12028033629237853,0.1288436063343985
recorded_obs-0629-rtc2,15,True,3.0,0.2915760222455798,0.290462598418411,0.8293135276380608,0.8293135276380608,saved_rgb,0.26273661204367926,0.6229201834800484,0.6504964337473736,0.20639334415801236,0.027725986374731726,0.3313441612344686,0.5377375053924809
recorded_obs-0629-rtc2,15,True,3.0,0.2915760222455798,0.290462598418411,0.8293135276380608,0.8293135276380608,server_jpeg_bgr_q90,0.2601687647372971,0.5546935750102961,0.5901142820061341,0.2746199526277646,0.03029383368111388,0.2631175527647163,0.5377375053924809
recorded_obs-0629-rtc2,17,True,3.0,0.2829262201883843,0.29572932931732915,0.6166872938923799,0.6166872938923799,saved_rgb,0.2564733235090194,0.6407355551144546,0.6788247836922008,-0.024048261222074707,0.039256005808309735,0.35780933492607025,0.33376107370399555
recorded_obs-0629-rtc2,17,True,3.0,0.2829262201883843,0.29572932931732915,0.6166872938923799,0.6166872938923799,server_jpeg_bgr_q90,0.2581676946984449,0.5621330650802988,0.6055152378207702,0.05455422881208105,0.03756163461888423,0.2792068448919145,0.33376107370399555
recorded_obs-0629-rtc2,32,True,3.0,0.4028996293395554,0.45230125283495787,0.8657161203801373,0.8891224765345614,saved_rgb,0.3872071684140422,0.6716861671066472,0.8095477535876515,0.19402995327349015,0.06509408442091569,0.26878653776709177,0.4628164910405819
recorded_obs-0629-rtc2,32,True,3.0,0.4028996293395554,0.45230125283495787,0.8657161203801373,0.8891224765345614,server_jpeg_bgr_q90,0.3870697222299747,0.5892154974648816,0.7648920078599464,0.2765006229152558,0.06523153060498316,0.18631586812532613,0.4628164910405819
recorded_obs-0629-rtc2,34,True,3.0,0.38490542258911303,0.32468500705169184,0.9227369274591426,0.9227369274591426,saved_rgb,0.3796143924041805,0.7087785005642783,0.8060211066925529,0.21395842689486433,-0.05492938535248865,0.32387307797516524,0.5378315048700295
recorded_obs-0629-rtc2,34,True,3.0,0.38490542258911303,0.32468500705169184,0.9227369274591426,0.9227369274591426,server_jpeg_bgr_q90,0.3806092967289101,0.7798981729947317,0.8467376754277103,0.14283875446441086,-0.05592428967721824,0.3949927504056187,0.5378315048700295
recorded_obs-0629-rtc2,49,True,3.0,0.5866487420611353,0.5984022770366,0.9150137399867766,0.9647575769647404,saved_rgb,0.6224688512066117,0.7925456293328251,0.8911690676364599,0.12246811065395147,-0.02406657417001168,0.20589688727168987,0.32836499792564133
recorded_obs-0629-rtc2,49,True,3.0,0.5866487420611353,0.5984022770366,0.9150137399867766,0.9647575769647404,server_jpeg_bgr_q90,0.6223503519738502,0.8411817209252718,0.9144377299528095,0.07383201906150483,-0.023948074937250263,0.2545329788641365,0.32836499792564133
recorded_obs-0629-rtc2,51,True,3.0,0.6633048483594627,0.6822747796789069,0.8370133825611946,0.9216801799546191,<not_replayed>,,,,,,,
recorded_obs-0629-rtc2,66,True,3.0,0.8449998763626125,0.8276624103813733,0.9004519861659971,0.9873479980135893,saved_rgb,0.8566280456215614,0.8727679010959264,0.9814902950171123,0.027684085070070696,-0.028965635240188026,0.027768024733313856,0.05545210980338455
recorded_obs-0629-rtc2,66,True,3.0,0.8449998763626125,0.8276624103813733,0.9004519861659971,0.9873479980135893,server_jpeg_bgr_q90,0.8539134233191611,0.8897978366735544,0.9862747860055494,0.0106541494924427,-0.026251012937787754,0.04479796031094185,0.05545210980338455
recorded_obs-0629-rtc2,68,True,3.0,0.8570795222054656,0.8546230678064616,0.9635889488796232,0.9744864597381513,saved_rgb,0.8657330192207804,0.8440445051394319,0.9513544406739957,0.11954444374019135,-0.011109951414318808,-0.013035017066033716,0.10650942667415764
recorded_obs-0629-rtc2,68,True,3.0,0.8570795222054656,0.8546230678064616,0.9635889488796232,0.9744864597381513,server_jpeg_bgr_q90,0.8657525017397985,0.8361085808103639,0.9550961164405398,0.12748036806925933,-0.011129433933336874,-0.020970941395101694,0.10650942667415764
recorded_obs-0629-rtc2,83,True,3.0,0.9527234390250109,0.9244247969696543,0.8538644020577344,0.9634129642905298,saved_rgb,0.9496155487939169,0.8732118256832744,0.9875825217783509,-0.019347423625539983,-0.02519075182426256,-0.07951161334173651,-0.09885903696727649
recorded_obs-0629-rtc2,83,True,3.0,0.9527234390250109,0.9244247969696543,0.8538644020577344,0.9634129642905298,server_jpeg_bgr_q90,0.9482624039950449,0.8670962692286635,0.9866672335273525,-0.013231867170929057,-0.023837607025390617,-0.08562716979634744,-0.09885903696727649
recorded_obs-0629-rtc2,85,True,3.0,0.9498130433645308,0.9309181665244542,0.8791661243289042,0.9995555578493328,saved_rgb,0.9482015475940667,0.8674734914680942,0.9891538011681966,0.011692632860810015,-0.01728338106961247,-0.0823395518964366,-0.07064691903562659
recorded_obs-0629-rtc2,85,True,3.0,0.9498130433645308,0.9309181665244542,0.8791661243289042,0.9995555578493328,server_jpeg_bgr_q90,0.9492183668367223,0.8806724330764867,0.9934035818815576,-0.0015063087475825077,-0.01830020031226809,-0.06914061028804408,-0.07064691903562659
recorded_obs-0629-rtc2,100,True,3.0,0.9617871052103965,0.9376023830889342,0.8629764213382185,0.9851597439614426,saved_rgb,0.9491611062393377,0.8736594340452386,0.9895476412976999,-0.0106830127070201,-0.011558723150403516,-0.08812767116515785,-0.09881068387217795
recorded_obs-0629-rtc2,100,True,3.0,0.9617871052103965,0.9376023830889342,0.8629764213382185,0.9851597439614426,server_jpeg_bgr_q90,0.9478646082212764,0.8673385906580592,0.9882015421294849,-0.004362169319840681,-0.010262225132342206,-0.09444851455233727,-0.09881068387217795
recorded_obs-0629-rtc2,102,True,3.0,0.9671480088360324,0.9563616855833235,0.8154022363665626,0.9814080750755736,saved_rgb,0.9562786927892339,0.8860513682990442,0.9981818848790377,-0.07064913193248157,8.299279408952032e-05,-0.08109664053698817,-0.15174577246946974
recorded_obs-0629-rtc2,102,True,3.0,0.9671480088360324,0.9563616855833235,0.8154022363665626,0.9814080750755736,server_jpeg_bgr_q90,0.9536613750846629,0.8746109393314127,0.994240943319616,-0.059208702964850035,0.0027003104986605964,-0.0925370695046197,-0.15174577246946974
recorded_obs-0629-rtc2,117,True,3.0,0.8854211421630945,0.8846731767175559,0.8555157197117799,0.8982861514445118,saved_rgb,0.8911680506136672,0.7308008191344656,0.9149666894300893,0.12471490057731427,-0.006494873896111364,-0.15462032302862894,-0.029905422451314667
recorded_obs-0629-rtc2,117,True,3.0,0.8854211421630945,0.8846731767175559,0.8555157197117799,0.8982861514445118,server_jpeg_bgr_q90,0.8883020976412798,0.7132275236516334,0.9121534920353283,0.14228819606014642,-0.0036289209237239106,-0.1721936185114611,-0.029905422451314667
recorded_obs-0629-rtc2,119,True,3.0,0.8892755912485293,0.8850400917936235,0.7773126160221594,0.9170084511227061,saved_rgb,0.8943892635529946,0.7328029364470645,0.9168677439289971,0.044509679575094885,-0.009349171759371111,-0.15647265480146477,-0.11196297522636989
recorded_obs-0629-rtc2,119,True,3.0,0.8892755912485293,0.8850400917936235,0.7773126160221594,0.9170084511227061,server_jpeg_bgr_q90,0.8963575040876706,0.7262646804668457,0.9211427311860705,0.05104793555531373,-0.011317412294047036,-0.16301091078168362,-0.11196297522636989
recorded_obs-0629-rtc2,134,True,3.0,0.8564593182015685,0.835008696438981,0.5523645744347776,0.9077018226847882,saved_rgb,0.8718997930162985,0.7454762367241332,0.9410423371849899,-0.1931116622893556,-0.036891096577317484,-0.1109830814774353,-0.3040947437667909
recorded_obs-0629-rtc2,134,True,3.0,0.8564593182015685,0.835008696438981,0.5523645744347776,0.9077018226847882,server_jpeg_bgr_q90,0.8722434904797078,0.7859994062911415,0.944521300181842,-0.2336348318563639,-0.037234794040726826,-0.070459911910427,-0.3040947437667909
recorded_obs-0629-rtc2,136,True,3.0,0.8705562486231931,0.8708483143213239,0.6326887687496409,0.8972533072207527,saved_rgb,0.8838205916440126,0.6878603642311791,0.9130834499057974,-0.05517159548153827,-0.012972277322688686,-0.182695884392014,-0.23786747987355228
recorded_obs-0629-rtc2,136,True,3.0,0.8705562486231931,0.8708483143213239,0.6326887687496409,0.8972533072207527,server_jpeg_bgr_q90,0.8839938410505616,0.6788614184425413,0.9115910116575897,-0.04617264969290047,-0.013145526729237633,-0.1916948301806518,-0.23786747987355228
recorded_obs-0629-rtc2,151,True,3.0,0.8859041439961104,0.8950973880423877,0.8722567863194042,0.9028257363991903,saved_rgb,0.8964988756910518,0.737733074579504,0.9214361649165538,0.1345237117399002,-0.0014014876486641015,-0.1481710694166064,-0.013647357676706218
recorded_obs-0629-rtc2,151,True,3.0,0.8859041439961104,0.8950973880423877,0.8722567863194042,0.9028257363991903,server_jpeg_bgr_q90,0.8990252433646582,0.7214098939497953,0.9260090338095832,0.1508468923696089,-0.003927855322270468,-0.16449425004631513,-0.013647357676706218
